Date,Type,Unscheduled,Year,Month,Day,Date-Number,ET Time,
2/27/1953,CPI,0,1953,2,27,19417,8.30,
3/26/1953,CPI,0,1953,3,26,19444,8.30,
4/22/1953,CPI,0,1953,4,22,19471,8.30,
5/22/1953,CPI,0,1953,5,22,19501,8.30,
6/23/1953,CPI,0,1953,6,23,19533,8.30,
7/22/1953,CPI,0,1953,7,22,19562,8.30,
8/26/1953,CPI,0,1953,8,26,19597,8.30,
9/23/1953,CPI,0,1953,9,23,19625,8.30,
10/28/1953,CPI,0,1953,10,28,19660,8.30,
11/25/1953,CPI,0,1953,11,25,19688,8.30,
12/23/1953,CPI,0,1953,12,23,19716,8.30,
1/22/1954,CPI,0,1954,1,22,19746,8.30,
2/26/1954,CPI,0,1954,2,26,19781,8.30,
3/24/1954,CPI,0,1954,3,24,19807,8.30,
4/22/1954,CPI,0,1954,4,22,19836,8.30,
5/21/1954,CPI,0,1954,5,21,19865,8.30,
6/22/1954,CPI,0,1954,6,22,19897,8.30,
7/23/1954,CPI,0,1954,7,23,19928,8.30,
8/20/1954,CPI,0,1954,8,20,19956,8.30,
9/24/1954,CPI,0,1954,9,24,19991,8.30,
10/26/1954,CPI,0,1954,10,26,20023,8.30,
11/24/1954,CPI,0,1954,11,24,20052,8.30,
12/22/1954,CPI,0,1954,12,22,20080,8.30,
1/21/1955,CPI,0,1955,1,21,20110,8.30,
2/25/1955,CPI,0,1955,2,25,20145,8.30,
3/23/1955,CPI,0,1955,3,23,20171,8.30,
4/22/1955,CPI,0,1955,4,22,20201,8.30,
5/20/1955,CPI,0,1955,5,20,20229,8.30,
6/23/1955,CPI,0,1955,6,23,20263,8.30,
7/26/1955,CPI,0,1955,7,26,20296,8.30,
8/23/1955,CPI,0,1955,8,23,20324,8.30,
9/23/1955,CPI,0,1955,9,23,20355,8.30,
10/21/1955,CPI,0,1955,10,21,20383,8.30,
11/22/1955,CPI,0,1955,11,22,20415,8.30,
12/21/1955,CPI,0,1955,12,21,20444,8.30,
1/20/1956,CPI,0,1956,1,20,20474,8.30,
2/24/1956,CPI,0,1956,2,24,20509,8.30,
3/26/1956,CPI,0,1956,3,26,20540,8.30,
4/25/1956,CPI,0,1956,4,25,20570,8.30,
5/24/1956,CPI,0,1956,5,24,20599,8.30,
6/26/1956,CPI,0,1956,6,26,20632,8.30,
7/24/1956,CPI,0,1956,7,24,20660,8.30,
8/24/1956,CPI,0,1956,8,24,20691,8.30,
9/21/1956,CPI,0,1956,9,21,20719,8.30,
10/25/1956,CPI,0,1956,10,25,20753,8.30,
11/26/1956,CPI,0,1956,11,26,20785,8.30,
12/21/1956,CPI,0,1956,12,21,20810,8.30,
1/25/1957,CPI,0,1957,1,25,20845,8.30,
2/21/1957,CPI,0,1957,2,21,20872,8.30,
3/22/1957,CPI,0,1957,3,22,20901,8.30,
4/23/1957,CPI,0,1957,4,23,20933,8.30,
5/24/1957,CPI,0,1957,5,24,20964,8.30,
6/25/1957,CPI,0,1957,6,25,20996,8.30,
7/24/1957,CPI,0,1957,7,24,21025,8.30,
8/11/1957,Emp,0,1957,11,8,21132,8.30,
8/22/1957,CPI,0,1957,8,22,21054,8.30,
9/24/1957,CPI,0,1957,9,24,21087,8.30,
10/9/1957,Emp,0,1957,9,10,21073,8.30,
10/10/1957,Emp,0,1957,10,10,21103,8.30,
10/25/1957,CPI,0,1957,10,25,21118,8.30,
11/7/1957,Emp,0,1957,7,11,21012,8.30,
11/12/1957,Emp,0,1957,12,11,21165,8.30,
11/22/1957,CPI,0,1957,11,22,21146,8.30,
12/8/1957,Emp,0,1957,8,12,21044,8.30,
12/20/1957,CPI,0,1957,12,20,21174,8.30,
1/14/1958,Emp,0,1958,1,14,21199,8.30,
1/21/1958,CPI,0,1958,1,21,21206,8.30,
2/25/1958,CPI,0,1958,2,25,21241,8.30,
3/21/1958,CPI,0,1958,3,21,21265,8.30,
4/23/1958,CPI,0,1958,4,23,21298,8.30,
4/29/1958,Emp,0,1958,4,29,21304,8.30,
5/22/1958,CPI,0,1958,5,22,21327,8.30,
6/6/1958,Emp,0,1958,6,6,21342,8.30,
6/24/1958,CPI,0,1958,6,24,21360,8.30,
7/23/1958,CPI,0,1958,7,23,21389,8.30,
8/4/1958,Emp,0,1958,4,8,21283,8.30,
8/7/1958,Emp,0,1958,7,8,21374,8.30,
8/8/1958,Emp,0,1958,8,8,21405,8.30,
8/22/1958,CPI,0,1958,8,22,21419,8.30,
9/9/1958,Emp,0,1958,9,9,21437,8.30,
9/19/1958,CPI,0,1958,9,19,21447,8.30,
10/10/1958,Emp,0,1958,10,10,21468,8.30,
10/11/1958,Emp,0,1958,11,10,21499,8.30,
10/12/1958,Emp,0,1958,12,10,21529,8.30,
10/23/1958,CPI,0,1958,10,23,21481,8.30,
11/2/1958,Emp,0,1958,2,11,21227,8.30,
11/3/1958,Emp,0,1958,3,11,21255,8.30,
11/25/1958,CPI,0,1958,11,25,21514,8.30,
12/23/1958,CPI,0,1958,12,23,21542,8.30,
1/13/1959,Emp,0,1959,1,13,21563,8.30,
1/23/1959,CPI,0,1959,1,23,21573,8.30,
2/20/1959,CPI,0,1959,2,20,21601,8.30,
3/25/1959,CPI,0,1959,3,25,21634,8.30,
4/22/1959,CPI,0,1959,4,22,21662,8.30,
5/22/1959,CPI,0,1959,5,22,21692,8.30,
6/19/1959,CPI,0,1959,6,19,21720,8.30,
7/4/1959,Emp,0,1959,4,7,21647,8.30,
7/14/1959,Emp,0,1959,7,14,21745,8.30,
7/22/1959,CPI,0,1959,7,22,21753,8.30,
8/21/1959,CPI,0,1959,8,21,21783,8.30,
9/23/1959,CPI,0,1959,9,23,21816,8.30,
10/2/1959,Emp,0,1959,2,10,21591,8.30,
10/6/1959,Emp,0,1959,6,10,21711,8.30,
10/13/1959,Emp,0,1959,10,13,21836,8.30,
10/23/1959,CPI,0,1959,10,23,21846,8.30,
11/3/1959,Emp,0,1959,3,11,21620,8.30,
11/5/1959,Emp,0,1959,5,11,21681,8.30,
11/8/1959,Emp,0,1959,8,11,21773,8.30,
11/11/1959,Emp,0,1959,11,11,21865,8.30,
11/25/1959,CPI,0,1959,11,25,21879,8.30,
12/22/1959,CPI,0,1959,12,22,21906,8.30,
1/22/1960,CPI,0,1960,1,22,21937,8.30,
2/25/1960,CPI,0,1960,2,25,21971,8.30,
3/15/1960,Emp,0,1960,3,15,21990,8.30,
3/25/1960,CPI,0,1960,3,25,22000,8.30,
4/25/1960,CPI,0,1960,4,25,22031,8.30,
5/25/1960,CPI,0,1960,5,25,22061,8.30,
6/13/1960,Emp,0,1960,6,13,22080,8.30,
6/24/1960,CPI,0,1960,6,24,22091,8.30,
7/22/1960,CPI,0,1960,7,22,22119,8.30,
8/25/1960,CPI,0,1960,8,25,22153,8.30,
9/9/1960,Emp,0,1960,9,9,22168,8.30,
9/23/1960,CPI,0,1960,9,23,22182,8.30,
10/8/1960,Emp,0,1960,8,10,22138,8.30,
10/10/1960,Emp,0,1960,10,10,22199,8.30,
10/11/1960,Emp,0,1960,11,10,22230,8.30,
10/26/1960,CPI,0,1960,10,26,22215,8.30,
11/2/1960,Emp,0,1960,2,11,21957,8.30,
11/5/1960,Emp,0,1960,5,11,22047,8.30,
11/25/1960,CPI,0,1960,11,25,22245,8.30,
12/4/1960,Emp,0,1960,4,12,22018,8.30,
12/7/1960,Emp,0,1960,7,12,22109,8.30,
12/12/1960,Emp,0,1960,12,12,22262,8.30,
12/23/1960,CPI,0,1960,12,23,22273,8.30,
1/13/1961,Emp,0,1961,1,13,22294,8.30,
1/27/1961,CPI,0,1961,1,27,22308,8.30,
2/5/1961,Emp,0,1961,5,2,22403,8.30,
2/8/1961,Emp,0,1961,8,2,22495,8.30,
2/28/1961,CPI,0,1961,2,28,22340,8.30,
3/10/1961,Emp,0,1961,10,3,22557,8.30,
3/11/1961,Emp,0,1961,11,3,22588,8.30,
3/24/1961,CPI,0,1961,3,24,22364,8.30,
4/4/1961,Emp,0,1961,4,4,22375,8.30,
4/26/1961,CPI,0,1961,4,26,22397,8.30,
5/7/1961,Emp,0,1961,7,5,22467,8.30,
5/25/1961,CPI,0,1961,5,25,22426,8.30,
5/31/1961,Emp,0,1961,5,31,22432,8.30,
6/27/1961,CPI,0,1961,6,27,22459,8.30,
7/3/1961,Emp,0,1961,3,7,22347,8.30,
7/12/1961,Emp,0,1961,12,7,22622,8.30,
7/25/1961,CPI,0,1961,7,25,22487,8.30,
8/25/1961,CPI,0,1961,8,25,22518,8.30,
8/29/1961,Emp,0,1961,8,29,22522,8.30,
9/2/1961,Emp,0,1961,2,9,22321,8.30,
9/26/1961,CPI,0,1961,9,26,22550,8.30,
10/25/1961,CPI,0,1961,10,25,22579,8.30,
11/28/1961,CPI,0,1961,11,28,22613,8.30,
12/22/1961,CPI,0,1961,12,22,22637,8.30,
1/8/1962,Emp,0,1962,8,1,22859,8.30,
1/26/1962,CPI,0,1962,1,26,22672,8.30,
1/31/1962,Emp,0,1962,1,31,22677,8.30,
2/28/1962,CPI,0,1962,2,28,22705,8.30,
3/27/1962,CPI,0,1962,3,27,22732,8.30,
4/10/1962,Emp,0,1962,10,4,22923,8.30,
4/24/1962,CPI,0,1962,4,24,22760,8.30,
5/7/1962,Emp,0,1962,7,5,22832,8.30,
5/9/1962,Emp,0,1962,9,5,22894,8.30,
5/12/1962,Emp,0,1962,12,5,22985,8.30,
5/25/1962,CPI,0,1962,5,25,22791,8.30,
5/31/1962,Emp,0,1962,5,31,22797,8.30,
6/4/1962,Emp,0,1962,4,6,22742,8.30,
6/26/1962,CPI,0,1962,6,26,22823,8.30,
7/3/1962,Emp,0,1962,3,7,22712,8.30,
7/25/1962,CPI,0,1962,7,25,22852,8.30,
8/28/1962,CPI,0,1962,8,28,22886,8.30,
9/1/1962,Emp,0,1962,1,9,22655,8.30,
9/5/1962,Emp,0,1962,5,9,22775,8.30,
9/25/1962,CPI,0,1962,9,25,22914,8.30,
10/26/1962,CPI,0,1962,10,26,22945,8.30,
10/31/1962,Emp,0,1962,10,31,22950,8.30,
11/28/1962,CPI,0,1962,11,28,22978,8.30,
12/21/1962,CPI,0,1962,12,21,23001,8.30,
1/8/1963,Emp,0,1963,8,1,23224,8.30,
1/25/1963,CPI,0,1963,1,25,23036,8.30,
1/31/1963,Emp,0,1963,1,31,23042,8.30,
2/5/1963,Emp,0,1963,5,2,23133,8.30,
2/27/1963,CPI,0,1963,2,27,23069,8.30,
3/10/1963,Emp,0,1963,10,3,23287,8.30,
3/27/1963,CPI,0,1963,3,27,23097,8.30,
4/4/1963,Emp,0,1963,4,4,23105,8.30,
4/25/1963,CPI,0,1963,4,25,23126,8.30,
5/7/1963,Emp,0,1963,7,5,23197,8.30,
5/28/1963,CPI,0,1963,5,28,23159,8.30,
6/6/1963,Emp,0,1963,6,6,23168,8.30,
6/9/1963,Emp,0,1963,9,6,23260,8.30,
6/12/1963,Emp,0,1963,12,6,23351,8.30,
6/26/1963,CPI,0,1963,6,26,23188,8.30,
7/3/1963,Emp,0,1963,3,7,23077,8.30,
7/26/1963,CPI,0,1963,7,26,23218,8.30,
8/27/1963,CPI,0,1963,8,27,23250,8.30,
9/25/1963,CPI,0,1963,9,25,23279,8.30,
10/1/1963,Emp,0,1963,1,10,23021,8.30,
10/30/1963,CPI,0,1963,10,30,23314,8.30,
10/31/1963,Emp,0,1963,10,31,23315,8.30,
11/29/1963,CPI,0,1963,11,29,23344,8.30,
12/27/1963,CPI,0,1963,12,27,23372,8.30,
1/10/1964,Emp,0,1964,10,1,23651,8.30,
1/29/1964,CPI,0,1964,1,29,23405,8.30,
2/7/1964,Emp,0,1964,7,2,23560,8.30,
2/27/1964,CPI,0,1964,2,27,23434,8.30,
3/4/1964,Emp,0,1964,4,3,23470,8.30,
3/9/1964,Emp,0,1964,9,3,23623,8.30,
3/31/1964,CPI,0,1964,3,31,23467,8.30,
4/12/1964,Emp,0,1964,12,4,23715,8.30,
4/30/1964,CPI,0,1964,4,30,23497,8.30,
5/6/1964,Emp,0,1964,6,5,23533,8.30,
5/11/1964,Emp,0,1964,11,5,23686,8.30,
5/28/1964,CPI,0,1964,5,28,23525,8.30,
6/2/1964,Emp,0,1964,2,6,23413,8.30,
6/3/1964,Emp,0,1964,3,6,23442,8.30,
6/8/1964,Emp,0,1964,8,6,23595,8.30,
6/26/1964,CPI,0,1964,6,26,23554,8.30,
7/5/1964,Emp,0,1964,5,7,23504,8.30,
7/31/1964,CPI,0,1964,7,31,23589,8.30,
8/28/1964,CPI,0,1964,8,28,23617,8.30,
9/30/1964,CPI,0,1964,9,30,23650,8.30,
10/1/1964,Emp,0,1964,1,10,23386,8.30,
10/30/1964,CPI,0,1964,10,30,23680,8.30,
11/30/1964,CPI,0,1964,11,30,23711,8.30,
12/30/1964,CPI,0,1964,12,30,23741,8.30,
1/4/1965,Emp,0,1965,4,1,23833,8.30,
1/7/1965,Emp,0,1965,7,1,23924,8.30,
1/28/1965,CPI,0,1965,1,28,23770,8.30,
2/9/1965,Emp,0,1965,9,2,23987,8.30,
2/12/1965,Emp,0,1965,12,2,24078,8.30,
2/26/1965,CPI,0,1965,2,26,23799,8.30,
3/6/1965,Emp,0,1965,6,3,23896,8.30,
3/30/1965,CPI,0,1965,3,30,23831,8.30,
4/2/1965,Emp,0,1965,2,4,23777,8.30,
4/3/1965,Emp,0,1965,3,4,23805,8.30,
4/11/1965,Emp,0,1965,11,4,24050,8.30,
4/28/1965,CPI,0,1965,4,28,23860,8.30,
5/8/1965,Emp,0,1965,8,5,23959,8.30,
5/27/1965,CPI,0,1965,5,27,23889,8.30,
6/5/1965,Emp,0,1965,5,6,23868,8.30,
6/30/1965,CPI,0,1965,6,30,23923,8.30,
7/1/1965,Emp,0,1965,1,7,23749,8.30,
7/10/1965,Emp,0,1965,10,7,24022,8.30,
7/29/1965,CPI,0,1965,7,29,23952,8.30,
8/27/1965,CPI,0,1965,8,27,23981,8.30,
9/29/1965,CPI,0,1965,9,29,24014,8.30,
10/28/1965,CPI,0,1965,10,28,24043,8.30,
11/30/1965,CPI,0,1965,11,30,24076,8.30,
12/30/1965,CPI,0,1965,12,30,24106,8.30,
1/27/1966,CPI,0,1966,1,27,24134,8.30,
2/9/1966,Emp,0,1966,9,2,24352,8.30,
2/12/1966,Emp,0,1966,12,2,24443,8.30,
2/28/1966,CPI,0,1966,2,28,24166,8.30,
3/29/1966,CPI,0,1966,3,29,24195,8.30,
4/11/1966,Emp,0,1966,11,4,24415,8.30,
4/21/1966,CPI,0,1966,4,21,24218,8.30,
5/4/1966,Emp,0,1966,4,5,24202,8.30,
5/20/1966,CPI,0,1966,5,20,24247,8.30,
6/5/1966,Emp,0,1966,5,6,24233,8.30,
6/6/1966,Emp,0,1966,6,6,24264,8.30,
6/21/1966,CPI,0,1966,6,21,24279,8.30,
7/1/1966,Emp,0,1966,1,7,24114,8.30,
7/21/1966,CPI,0,1966,7,21,24309,8.30,
8/2/1966,Emp,0,1966,2,8,24146,8.30,
8/3/1966,Emp,0,1966,3,8,24174,8.30,
8/8/1966,Emp,0,1966,8,8,24327,8.30,
8/22/1966,CPI,0,1966,8,22,24341,8.30,
9/22/1966,CPI,0,1966,9,22,24372,8.30,
10/10/1966,Emp,0,1966,10,10,24390,8.30,
10/20/1966,CPI,0,1966,10,20,24400,8.30,
11/7/1966,Emp,0,1966,7,11,24299,8.30,
11/23/1966,CPI,0,1966,11,23,24434,8.30,
12/22/1966,CPI,0,1966,12,22,24463,8.30,
1/20/1967,CPI,0,1967,1,20,24492,8.30,
2/20/1967,CPI,0,1967,2,20,24523,8.30,
3/16/1967,Emp,0,1967,3,16,24547,8.30,
3/20/1967,CPI,0,1967,3,20,24551,8.30,
4/25/1967,CPI,0,1967,4,25,24587,8.30,
5/6/1967,Emp,0,1967,6,5,24628,8.30,
5/23/1967,CPI,0,1967,5,23,24615,8.30,
6/9/1967,Emp,0,1967,9,6,24721,8.30,
6/28/1967,CPI,0,1967,6,28,24651,8.30,
7/11/1967,Emp,0,1967,11,7,24783,8.30,
7/26/1967,CPI,0,1967,7,26,24679,8.30,
8/8/1967,Emp,0,1967,8,8,24692,8.30,
8/25/1967,CPI,0,1967,8,25,24709,8.30,
9/1/1967,Emp,0,1967,1,9,24481,8.30,
9/2/1967,Emp,0,1967,2,9,24512,8.30,
9/5/1967,Emp,0,1967,5,9,24601,8.30,
9/27/1967,CPI,0,1967,9,27,24742,8.30,
10/26/1967,CPI,0,1967,10,26,24771,8.30,
11/4/1967,Emp,0,1967,4,11,24573,8.30,
11/7/1967,Emp,0,1967,7,11,24664,8.30,
11/10/1967,Emp,0,1967,10,11,24756,8.30,
11/29/1967,CPI,0,1967,11,29,24805,8.30,
12/13/1967,Emp,0,1967,12,13,24819,8.30,
12/22/1967,CPI,0,1967,12,22,24828,8.30,
1/25/1968,CPI,0,1968,1,25,24862,8.30,
2/29/1968,CPI,0,1968,2,29,24897,8.30,
3/27/1968,CPI,0,1968,3,27,24924,8.30,
4/26/1968,CPI,0,1968,4,26,24954,8.30,
5/28/1968,CPI,0,1968,5,28,24986,8.30,
6/11/1968,Emp,0,1968,11,6,25148,8.30,
6/28/1968,CPI,0,1968,6,28,25017,8.30,
7/2/1968,Emp,0,1968,2,7,24875,8.30,
7/8/1968,Emp,0,1968,8,7,25057,8.30,
7/31/1968,CPI,0,1968,7,31,25050,8.30,
8/5/1968,Emp,0,1968,5,8,24966,8.30,
8/27/1968,CPI,0,1968,8,27,25077,8.30,
9/10/1968,Emp,0,1968,10,9,25120,8.30,
9/26/1968,CPI,0,1968,9,26,25107,8.30,
10/1/1968,Emp,0,1968,1,10,24847,8.30,
10/4/1968,Emp,0,1968,4,10,24938,8.30,
10/7/1968,Emp,0,1968,7,10,25029,8.30,
10/29/1968,CPI,0,1968,10,29,25140,8.30,
11/9/1968,Emp,0,1968,9,11,25092,8.30,
11/12/1968,Emp,0,1968,12,11,25183,8.30,
11/27/1968,CPI,0,1968,11,27,25169,8.30,
12/3/1968,Emp,0,1968,3,12,24909,8.30,
12/6/1968,Emp,0,1968,6,12,25001,8.30,
12/27/1968,CPI,0,1968,12,27,25199,8.30,
1/29/1969,CPI,0,1969,1,29,25232,8.30,
2/25/1969,CPI,0,1969,2,25,25259,8.30,
3/25/1969,CPI,0,1969,3,25,25287,8.30,
4/8/1969,Emp,0,1969,8,4,25419,8.30,
4/24/1969,CPI,0,1969,4,24,25317,8.30,
5/5/1969,Emp,0,1969,5,5,25328,8.30,
5/12/1969,Emp,0,1969,12,5,25542,8.30,
5/22/1969,CPI,0,1969,5,22,25345,8.30,
6/10/1969,Emp,0,1969,10,6,25482,8.30,
6/24/1969,CPI,0,1969,6,24,25378,8.30,
7/11/1969,Emp,0,1969,11,7,25514,8.30,
7/23/1969,CPI,0,1969,7,23,25407,8.30,
8/4/1969,Emp,0,1969,4,8,25301,8.30,
8/7/1969,Emp,0,1969,7,8,25392,8.30,
8/9/1969,Emp,0,1969,9,8,25454,8.30,
8/22/1969,CPI,0,1969,8,22,25437,8.30,
9/1/1969,Emp,0,1969,1,9,25212,8.30,
9/6/1969,Emp,0,1969,6,9,25363,8.30,
9/22/1969,CPI,0,1969,9,22,25468,8.30,
10/3/1969,Emp,0,1969,3,10,25272,8.30,
10/22/1969,CPI,0,1969,10,22,25498,8.30,
11/2/1969,Emp,0,1969,2,11,25245,8.30,
11/21/1969,CPI,0,1969,11,21,25528,8.30,
12/19/1969,CPI,0,1969,12,19,25556,8.30,
1/19/1970,CPI,0,1970,1,19,25587,8.30,
2/7/1970,Emp,0,1970,7,2,25751,8.30,
2/10/1970,Emp,0,1970,10,2,25843,8.30,
2/19/1970,CPI,0,1970,2,19,25618,8.30,
3/20/1970,CPI,0,1970,3,20,25647,8.30,
4/9/1970,Emp,0,1970,9,4,25815,8.30,
4/12/1970,Emp,0,1970,12,4,25906,8.30,
4/22/1970,CPI,0,1970,4,22,25680,8.30,
5/6/1970,Emp,0,1970,6,5,25724,8.30,
5/20/1970,CPI,0,1970,5,20,25708,8.30,
6/2/1970,Emp,0,1970,2,6,25605,8.30,
6/3/1970,Emp,0,1970,3,6,25633,8.30,
6/11/1970,Emp,0,1970,11,6,25878,8.30,
6/18/1970,CPI,0,1970,6,18,25737,8.30,
7/8/1970,Emp,0,1970,8,7,25787,8.30,
7/21/1970,CPI,0,1970,7,21,25770,8.30,
8/5/1970,Emp,0,1970,5,8,25696,8.30,
8/21/1970,CPI,0,1970,8,21,25801,8.30,
9/1/1970,Emp,0,1970,1,9,25577,8.30,
9/23/1970,CPI,0,1970,9,23,25834,8.30,
10/4/1970,Emp,0,1970,4,10,25668,8.30,
10/21/1970,CPI,0,1970,10,21,25862,8.30,
11/24/1970,CPI,0,1970,11,24,25896,8.30,
12/24/1970,CPI,0,1970,12,24,25926,8.30,
1/4/1971,PPI,0,1971,4,1,26024,8.30,
1/29/1971,CPI,0,1971,1,29,25962,8.30,
2/4/1971,Emp,0,1971,4,2,26025,8.30,
2/7/1971,Emp,0,1971,7,2,26116,8.30,
2/9/1971,PPI,0,1971,9,2,26178,8.30,
2/17/1971,PPI,0,1971,2,17,25981,8.30,
2/19/1971,CPI,0,1971,2,19,25983,8.30,
3/9/1971,Emp,0,1971,9,3,26179,8.30,
3/12/1971,Emp,0,1971,12,3,26270,8.30,
3/12/1971,PPI,0,1971,12,3,26270,8.30,
3/19/1971,CPI,0,1971,3,19,26011,8.30,
4/6/1971,Emp,0,1971,6,4,26088,8.30,
4/6/1971,PPI,0,1971,6,4,26088,8.30,
4/11/1971,PPI,0,1971,11,4,26241,8.30,
4/21/1971,CPI,0,1971,4,21,26044,8.30,
5/2/1971,Emp,0,1971,2,5,25969,8.30,
5/3/1971,Emp,0,1971,3,5,25997,8.30,
5/3/1971,PPI,0,1971,3,5,25997,8.30,
5/8/1971,PPI,0,1971,8,5,26150,8.30,
5/11/1971,Emp,0,1971,11,5,26242,8.30,
5/21/1971,CPI,0,1971,5,21,26074,8.30,
6/5/1971,PPI,0,1971,5,6,26059,8.30,
6/8/1971,Emp,0,1971,8,6,26151,8.30,
6/21/1971,CPI,0,1971,6,21,26105,8.30,
7/5/1971,Emp,0,1971,5,7,26060,8.30,
7/10/1971,PPI,0,1971,10,7,26213,8.30,
7/23/1971,CPI,0,1971,7,23,26137,8.30,
8/1/1971,Emp,0,1971,1,8,25941,8.30,
8/10/1971,Emp,0,1971,10,8,26214,8.30,
8/20/1971,CPI,0,1971,8,20,26165,8.30,
9/7/1971,PPI,0,1971,7,9,26123,8.30,
9/22/1971,CPI,0,1971,9,22,26198,8.30,
10/22/1971,CPI,0,1971,10,22,26228,8.30,
11/19/1971,CPI,0,1971,11,19,26256,8.30,
12/22/1971,CPI,0,1971,12,22,26289,8.30,
1/9/1972,Emp,0,1972,9,1,26543,8.30,
1/14/1972,PPI,0,1972,1,14,26312,8.30,
1/21/1972,CPI,0,1972,1,21,26319,8.30,
2/6/1972,Emp,0,1972,6,2,26452,8.30,
2/6/1972,PPI,0,1972,6,2,26452,8.30,
2/11/1972,PPI,0,1972,11,2,26605,8.30,
2/23/1972,CPI,0,1972,2,23,26352,8.30,
2/25/1972,PPI,0,1972,2,25,26354,8.30,
3/3/1972,Emp,0,1972,3,3,26361,8.30,
3/11/1972,Emp,0,1972,11,3,26606,8.30,
3/23/1972,CPI,0,1972,3,23,26381,8.30,
4/2/1972,Emp,0,1972,2,4,26333,8.30,
4/8/1972,Emp,0,1972,8,4,26515,8.30,
4/8/1972,PPI,0,1972,8,4,26515,8.30,
4/21/1972,CPI,0,1972,4,21,26410,8.30,
5/5/1972,Emp,0,1972,5,5,26424,8.30,
5/5/1972,PPI,0,1972,5,5,26424,8.30,
5/10/1972,PPI,0,1972,10,5,26577,8.30,
5/19/1972,CPI,0,1972,5,19,26438,8.30,
6/10/1972,Emp,0,1972,10,6,26578,8.30,
6/21/1972,CPI,0,1972,6,21,26471,8.30,
7/1/1972,Emp,0,1972,1,7,26305,8.30,
7/4/1972,Emp,0,1972,4,7,26396,8.30,
7/4/1972,PPI,0,1972,4,7,26396,8.30,
7/7/1972,Emp,0,1972,7,7,26487,8.30,
7/7/1972,PPI,0,1972,7,7,26487,8.30,
7/12/1972,PPI,0,1972,12,7,26640,8.30,
7/21/1972,CPI,0,1972,7,21,26501,8.30,
8/9/1972,PPI,0,1972,9,8,26550,8.30,
8/12/1972,Emp,0,1972,12,8,26641,8.30,
8/22/1972,CPI,0,1972,8,22,26533,8.30,
9/22/1972,CPI,0,1972,9,22,26564,8.30,
10/3/1972,PPI,0,1972,3,10,26368,8.30,
10/20/1972,CPI,0,1972,10,20,26592,8.30,
11/21/1972,CPI,0,1972,11,21,26624,8.30,
12/22/1972,CPI,0,1972,12,22,26655,8.30,
1/6/1973,Emp,0,1973,6,1,26816,8.30,
1/23/1973,CPI,0,1973,1,23,26687,8.30,
2/2/1973,Emp,0,1973,2,2,26697,8.30,
2/8/1973,PPI,0,1973,8,2,26878,8.30,
2/11/1973,Emp,0,1973,11,2,26970,8.30,
2/15/1973,PPI,0,1973,2,15,26710,8.30,
2/22/1973,CPI,0,1973,2,22,26717,8.30,
3/5/1973,PPI,0,1973,5,3,26787,8.30,
3/8/1973,Emp,0,1973,8,3,26879,8.30,
3/21/1973,CPI,0,1973,3,21,26744,8.30,
4/1/1973,PPI,0,1973,1,4,26668,8.30,
4/5/1973,Emp,0,1973,5,4,26788,8.30,
4/10/1973,PPI,0,1973,10,4,26941,8.30,
4/20/1973,CPI,0,1973,4,20,26774,8.30,
5/1/1973,Emp,0,1973,1,5,26669,8.30,
5/4/1973,PPI,0,1973,4,5,26759,8.30,
5/10/1973,Emp,0,1973,10,5,26942,8.30,
5/22/1973,CPI,0,1973,5,22,26806,8.30,
6/4/1973,Emp,0,1973,4,6,26760,8.30,
6/7/1973,Emp,0,1973,7,6,26851,8.30,
6/7/1973,PPI,0,1973,7,6,26851,8.30,
6/12/1973,PPI,0,1973,12,6,27004,8.30,
6/21/1973,CPI,0,1973,6,21,26836,8.30,
7/6/1973,PPI,0,1973,6,7,26822,8.30,
7/9/1973,Emp,0,1973,9,7,26914,8.30,
7/9/1973,PPI,0,1973,9,7,26914,8.30,
7/11/1973,PPI,0,1973,11,7,26975,8.30,
7/12/1973,Emp,0,1973,12,7,27005,8.30,
7/20/1973,CPI,0,1973,7,20,26865,8.30,
8/3/1973,PPI,0,1973,3,8,26731,8.30,
8/21/1973,CPI,0,1973,8,21,26897,8.30,
9/3/1973,Emp,0,1973,3,9,26732,8.30,
9/21/1973,CPI,0,1973,9,21,26928,8.30,
10/19/1973,CPI,0,1973,10,19,26956,8.30,
11/21/1973,CPI,0,1973,11,21,26989,8.30,
12/21/1973,CPI,0,1973,12,21,27019,8.30,
1/2/1974,Emp,0,1974,2,1,27061,8.30,
1/11/1974,Emp,0,1974,11,1,27334,8.30,
1/22/1974,CPI,0,1974,1,22,27051,8.30,
2/8/1974,Emp,0,1974,8,2,27243,8.30,
2/15/1974,PPI,0,1974,2,15,27075,8.30,
2/22/1974,CPI,0,1974,2,22,27082,8.30,
3/5/1974,Emp,0,1974,5,3,27152,8.30,
3/21/1974,CPI,0,1974,3,21,27109,8.30,
4/1/1974,Emp,0,1974,1,4,27033,8.30,
4/4/1974,PPI,0,1974,4,4,27123,8.30,
4/10/1974,Emp,0,1974,10,4,27306,8.30,
4/19/1974,CPI,0,1974,4,19,27138,8.30,
5/4/1974,Emp,0,1974,4,5,27124,8.30,
5/7/1974,Emp,0,1974,7,5,27215,8.30,
5/21/1974,CPI,0,1974,5,21,27170,8.30,
6/9/1974,Emp,0,1974,9,6,27278,8.30,
6/12/1974,Emp,0,1974,12,6,27369,8.30,
6/13/1974,PPI,0,1974,6,13,27193,8.30,
6/21/1974,CPI,0,1974,6,21,27201,8.30,
7/3/1974,PPI,0,1974,3,7,27095,8.30,
7/6/1974,Emp,0,1974,6,7,27187,8.30,
7/19/1974,CPI,0,1974,7,19,27229,8.30,
8/1/1974,PPI,0,1974,1,8,27037,8.30,
8/3/1974,Emp,0,1974,3,8,27096,8.30,
8/8/1974,PPI,0,1974,8,8,27249,8.30,
8/21/1974,CPI,0,1974,8,21,27262,8.30,
9/5/1974,PPI,0,1974,5,9,27158,8.30,
9/20/1974,CPI,0,1974,9,20,27292,8.30,
10/10/1974,PPI,0,1974,10,10,27312,8.30,
10/22/1974,CPI,0,1974,10,22,27324,8.30,
11/14/1974,PPI,0,1974,11,14,27347,8.30,
11/21/1974,CPI,0,1974,11,21,27354,8.30,
12/7/1974,PPI,0,1974,7,12,27222,8.30,
12/9/1974,PPI,0,1974,9,12,27284,8.30,
12/12/1974,PPI,0,1974,12,12,27375,8.30,
12/20/1974,CPI,0,1974,12,20,27383,8.30,
1/8/1975,Emp,0,1975,8,1,27607,8.30,
1/15/1975,PPI,0,1975,1,15,27409,8.30,
1/21/1975,CPI,0,1975,1,21,27415,8.30,
2/5/1975,Emp,0,1975,5,2,27516,8.30,
2/10/1975,PPI,0,1975,10,2,27669,8.30,
2/14/1975,PPI,0,1975,2,14,27439,8.30,
2/21/1975,CPI,0,1975,2,21,27446,8.30,
3/1/1975,Emp,0,1975,1,3,27397,8.30,
3/4/1975,PPI,0,1975,4,3,27487,8.30,
3/7/1975,Emp,0,1975,7,3,27578,8.30,
3/7/1975,PPI,0,1975,7,3,27578,8.30,
3/10/1975,Emp,0,1975,10,3,27670,8.30,
3/20/1975,CPI,0,1975,3,20,27473,8.30,
4/4/1975,Emp,0,1975,4,4,27488,8.30,
4/12/1975,PPI,0,1975,12,4,27732,8.30,
4/22/1975,CPI,0,1975,4,22,27506,8.30,
5/6/1975,PPI,0,1975,6,5,27550,8.30,
5/9/1975,Emp,0,1975,9,5,27642,8.30,
5/9/1975,PPI,0,1975,9,5,27642,8.30,
5/12/1975,Emp,0,1975,12,5,27733,8.30,
5/21/1975,CPI,0,1975,5,21,27535,8.30,
6/3/1975,PPI,0,1975,3,6,27459,8.30,
6/6/1975,Emp,0,1975,6,6,27551,8.30,
6/11/1975,PPI,0,1975,11,6,27704,8.30,
6/20/1975,CPI,0,1975,6,20,27565,8.30,
7/2/1975,Emp,0,1975,2,7,27432,8.30,
7/3/1975,Emp,0,1975,3,7,27460,8.30,
7/8/1975,PPI,0,1975,8,7,27613,8.30,
7/11/1975,Emp,0,1975,11,7,27705,8.30,
7/22/1975,CPI,0,1975,7,22,27597,8.30,
8/5/1975,PPI,0,1975,5,8,27522,8.30,
8/21/1975,CPI,0,1975,8,21,27627,8.30,
9/19/1975,CPI,0,1975,9,19,27656,8.30,
10/22/1975,CPI,0,1975,10,22,27689,8.30,
11/20/1975,CPI,0,1975,11,20,27718,8.30,
12/19/1975,CPI,0,1975,12,19,27747,8.30,
1/21/1976,CPI,0,1976,1,21,27780,8.30,
2/4/1976,Emp,0,1976,4,2,27852,8.30,
2/7/1976,Emp,0,1976,7,2,27943,8.30,
2/9/1976,PPI,0,1976,9,2,28005,8.30,
2/13/1976,PPI,0,1976,2,13,27803,8.30,
2/20/1976,CPI,0,1976,2,20,27810,8.30,
3/9/1976,Emp,0,1976,9,3,28006,8.30,
3/12/1976,Emp,0,1976,12,3,28097,8.30,
3/12/1976,PPI,0,1976,12,3,28097,8.30,
3/19/1976,CPI,0,1976,3,19,27838,8.30,
4/3/1976,PPI,0,1976,3,4,27823,8.30,
4/6/1976,Emp,0,1976,6,4,27915,8.30,
4/6/1976,PPI,0,1976,6,4,27915,8.30,
4/11/1976,PPI,0,1976,11,4,28068,8.30,
4/19/1976,PPI,0,1976,4,19,27869,8.30,
4/21/1976,CPI,0,1976,4,21,27871,8.30,
5/3/1976,Emp,0,1976,3,5,27824,8.30,
5/11/1976,Emp,0,1976,11,5,28069,8.30,
5/21/1976,CPI,0,1976,5,21,27901,8.30,
6/2/1976,Emp,0,1976,2,6,27796,8.30,
6/5/1976,PPI,0,1976,5,6,27886,8.30,
6/8/1976,Emp,0,1976,8,6,27978,8.30,
6/22/1976,CPI,0,1976,6,22,27933,8.30,
7/5/1976,Emp,0,1976,5,7,27887,8.30,
7/10/1976,PPI,0,1976,10,7,28040,8.30,
7/21/1976,CPI,0,1976,7,21,27962,8.30,
8/10/1976,Emp,0,1976,10,8,28041,8.30,
8/20/1976,CPI,0,1976,8,20,27992,8.30,
9/1/1976,Emp,0,1976,1,9,27768,8.30,
9/1/1976,PPI,0,1976,1,9,27768,8.30,
9/7/1976,PPI,0,1976,7,9,27950,8.30,
9/21/1976,CPI,0,1976,9,21,28024,8.30,
10/21/1976,CPI,0,1976,10,21,28054,8.30,
11/19/1976,CPI,0,1976,11,19,28083,8.30,
12/8/1976,PPI,0,1976,8,12,27984,8.30,
12/21/1976,CPI,0,1976,12,21,28115,8.30,
1/4/1977,Emp,0,1977,4,1,28216,8.30,
1/9/1977,PPI,0,1977,9,1,28369,8.30,
1/19/1977,CPI,0,1977,1,19,28144,8.30,
2/9/1977,Emp,0,1977,9,2,28370,8.30,
2/11/1977,PPI,0,1977,11,2,28431,8.30,
2/12/1977,Emp,0,1977,12,2,28461,8.30,
2/18/1977,CPI,0,1977,2,18,28174,8.30,
3/6/1977,Emp,0,1977,6,3,28279,8.30,
3/6/1977,PPI,0,1977,6,3,28279,8.30,
3/18/1977,CPI,0,1977,3,18,28202,8.30,
4/2/1977,Emp,0,1977,2,4,28160,8.30,
4/3/1977,Emp,0,1977,3,4,28188,8.30,
4/11/1977,Emp,0,1977,11,4,28433,8.30,
4/21/1977,CPI,0,1977,4,21,28236,8.30,
5/5/1977,PPI,0,1977,5,5,28250,8.30,
5/8/1977,Emp,0,1977,8,5,28342,8.30,
5/20/1977,CPI,0,1977,5,20,28265,8.30,
6/5/1977,Emp,0,1977,5,6,28251,8.30,
6/10/1977,PPI,0,1977,10,6,28404,8.30,
6/21/1977,CPI,0,1977,6,21,28297,8.30,
7/4/1977,PPI,0,1977,4,7,28222,8.30,
7/10/1977,Emp,0,1977,10,7,28405,8.30,
7/21/1977,CPI,0,1977,7,21,28327,8.30,
8/7/1977,Emp,0,1977,7,8,28314,8.30,
8/7/1977,PPI,0,1977,7,8,28314,8.30,
8/12/1977,PPI,0,1977,12,8,28467,8.30,
8/19/1977,CPI,0,1977,8,19,28356,8.30,
9/21/1977,CPI,0,1977,9,21,28389,8.30,
10/3/1977,PPI,0,1977,3,10,28194,8.30,
10/21/1977,CPI,0,1977,10,21,28419,8.30,
11/2/1977,PPI,0,1977,2,11,28167,8.30,
11/8/1977,PPI,0,1977,8,11,28348,8.30,
11/22/1977,CPI,0,1977,11,22,28451,8.30,
12/1/1977,Emp,0,1977,1,12,28137,8.30,
12/1/1977,PPI,0,1977,1,12,28137,8.30,
12/21/1977,CPI,0,1977,12,21,28480,8.30,
1/9/1978,Emp,0,1978,9,1,28734,8.30,
1/17/1978,FOMC,0,1978,1,17,28507,100,
1/20/1978,CPI,0,1978,1,20,28510,8.30,
2/6/1978,Emp,0,1978,6,2,28643,8.30,
2/6/1978,PPI,0,1978,6,2,28643,8.30,
2/11/1978,PPI,0,1978,11,2,28796,8.30,
2/27/1978,CPI,0,1978,2,27,28548,8.30,
2/28/1978,FOMC,0,1978,2,28,28549,100,
3/2/1978,Emp,0,1978,2,3,28524,8.30,
3/11/1978,Emp,0,1978,11,3,28797,8.30,
3/21/1978,FOMC,0,1978,3,21,28570,100,
3/28/1978,CPI,0,1978,3,28,28577,8.30,
4/5/1978,PPI,0,1978,5,4,28614,8.30,
4/8/1978,Emp,0,1978,8,4,28706,8.30,
4/18/1978,FOMC,0,1978,4,18,28598,100,
4/28/1978,CPI,0,1978,4,28,28608,8.30,
5/5/1978,Emp,0,1978,5,5,28615,8.30,
5/5/1978,FOMC,0,1978,5,5,28615,100,
5/10/1978,PPI,0,1978,10,5,28768,8.30,
5/16/1978,FOMC,0,1978,5,16,28626,100,
5/31/1978,CPI,0,1978,5,31,28641,8.30,
6/4/1978,PPI,0,1978,4,6,28586,8.30,
6/10/1978,Emp,0,1978,10,6,28769,8.30,
6/20/1978,FOMC,0,1978,6,20,28661,100,
6/30/1978,CPI,0,1978,6,30,28671,8.30,
7/4/1978,Emp,0,1978,4,7,28587,8.30,
7/7/1978,Emp,0,1978,7,7,28678,8.30,
7/7/1978,PPI,0,1978,7,7,28678,8.30,
7/12/1978,PPI,0,1978,12,7,28831,8.30,
7/18/1978,FOMC,0,1978,7,18,28689,100,
7/28/1978,CPI,0,1978,7,28,28699,8.30,
8/9/1978,FOMC,0,1978,9,8,28741,100,
8/9/1978,PPI,0,1978,9,8,28741,8.30,
8/12/1978,Emp,0,1978,12,8,28832,8.30,
8/15/1978,FOMC,0,1978,8,15,28717,100,
8/29/1978,CPI,0,1978,8,29,28731,8.30,
9/3/1978,PPI,0,1978,3,9,28558,8.30,
9/19/1978,FOMC,0,1978,9,19,28752,100,
9/26/1978,CPI,0,1978,9,26,28759,8.30,
10/2/1978,PPI,0,1978,2,10,28531,8.30,
10/3/1978,Emp,0,1978,3,10,28559,8.30,
10/3/1978,FOMC,0,1978,3,10,28559,100,
10/8/1978,PPI,0,1978,8,10,28712,8.30,
10/17/1978,FOMC,0,1978,10,17,28780,100,
10/27/1978,CPI,0,1978,10,27,28790,8.30,
11/1/1978,Emp,0,1978,1,11,28501,8.30,
11/21/1978,FOMC,0,1978,11,21,28815,100,
11/28/1978,CPI,0,1978,11,28,28822,8.30,
12/1/1978,PPI,0,1978,1,12,28502,8.30,
12/19/1978,FOMC,0,1978,12,19,28843,100,
12/22/1978,CPI,0,1978,12,22,28846,8.30,
1/1/1979,PPI,0,1979,1,1,28856,8.30,
1/6/1979,Emp,0,1979,6,1,29007,8.30,
1/11/1979,PPI,0,1979,11,1,29160,8.30,
1/24/1979,CPI,0,1979,1,24,28879,8.30,
2/2/1979,Emp,0,1979,2,2,28888,8.30,
2/3/1979,FOMC,0,1979,3,2,28916,100,
2/11/1979,Emp,0,1979,11,2,29161,8.30,
2/23/1979,CPI,0,1979,2,23,28909,8.30,
3/5/1979,PPI,0,1979,5,3,28978,8.30,
3/8/1979,Emp,0,1979,8,3,29070,8.30,
3/20/1979,FOMC,0,1979,3,20,28934,100,
3/23/1979,CPI,0,1979,3,23,28937,8.30,
4/5/1979,Emp,0,1979,5,4,28979,8.30,
4/10/1979,PPI,0,1979,10,4,29132,8.30,
4/17/1979,FOMC,0,1979,4,17,28962,100,
4/26/1979,CPI,0,1979,4,26,28971,8.30,
5/4/1979,PPI,0,1979,4,5,28950,8.30,
5/10/1979,Emp,0,1979,10,5,29133,8.30,
5/22/1979,FOMC,0,1979,5,22,28997,100,
5/25/1979,CPI,0,1979,5,25,29000,8.30,
6/2/1979,FOMC,0,1979,2,6,28892,100,
6/4/1979,Emp,0,1979,4,6,28951,8.30,
6/7/1979,Emp,0,1979,7,6,29042,8.30,
6/7/1979,PPI,0,1979,7,6,29042,8.30,
6/10/1979,FOMC,0,1979,10,6,29134,100,
6/12/1979,PPI,0,1979,12,6,29195,8.30,
6/26/1979,CPI,0,1979,6,26,29032,8.30,
7/6/1979,PPI,0,1979,6,7,29013,8.30,
7/9/1979,Emp,0,1979,9,7,29105,8.30,
7/9/1979,PPI,0,1979,9,7,29105,8.30,
7/12/1979,Emp,0,1979,12,7,29196,8.30,
7/26/1979,CPI,0,1979,7,26,29062,8.30,
8/3/1979,PPI,0,1979,3,8,28922,8.30,
8/14/1979,FOMC,0,1979,8,14,29081,100,
8/24/1979,CPI,0,1979,8,24,29091,8.30,
9/2/1979,PPI,0,1979,2,9,28895,8.30,
9/3/1979,Emp,0,1979,3,9,28923,8.30,
9/8/1979,PPI,0,1979,8,9,29076,8.30,
9/18/1979,FOMC,0,1979,9,18,29116,100,
9/25/1979,CPI,0,1979,9,25,29123,8.30,
10/26/1979,CPI,0,1979,10,26,29154,8.30,
11/7/1979,FOMC,0,1979,7,11,29047,100,
11/20/1979,FOMC,0,1979,11,20,29179,100,
11/27/1979,CPI,0,1979,11,27,29186,8.30,
12/1/1979,Emp,0,1979,1,12,28867,8.30,
12/21/1979,CPI,0,1979,12,21,29210,8.30,
1/2/1980,Emp,0,1980,2,1,29252,8.30,
1/8/1980,Emp,0,1980,8,1,29434,8.30,
1/25/1980,CPI,0,1980,1,25,29245,8.30,
2/5/1980,Emp,0,1980,5,2,29343,8.30,
2/15/1980,PPI,0,1980,2,15,29266,8.30,
2/22/1980,CPI,0,1980,2,22,29273,8.30,
3/7/1980,Emp,0,1980,7,3,29405,8.30,
3/10/1980,Emp,0,1980,10,3,29497,8.30,
3/10/1980,PPI,0,1980,10,3,29497,8.30,
3/18/1980,FOMC,0,1980,3,18,29298,100,
3/25/1980,CPI,0,1980,3,25,29305,8.30,
4/4/1980,Emp,0,1980,4,4,29315,8.30,
4/4/1980,PPI,0,1980,4,4,29315,8.30,
4/22/1980,CPI,0,1980,4,22,29333,8.30,
4/22/1980,FOMC,0,1980,4,22,29333,100,
5/2/1980,FOMC,0,1980,2,5,29256,100,
5/9/1980,Emp,0,1980,9,5,29469,8.30,
5/9/1980,PPI,0,1980,9,5,29469,8.30,
5/12/1980,Emp,0,1980,12,5,29560,8.30,
5/12/1980,FOMC,0,1980,12,5,29560,100,
5/12/1980,PPI,0,1980,12,5,29560,8.30,
5/20/1980,FOMC,0,1980,5,20,29361,100,
5/23/1980,CPI,0,1980,5,23,29364,8.30,
6/5/1980,FOMC,0,1980,5,6,29347,100,
6/6/1980,Emp,0,1980,6,6,29378,8.30,
6/6/1980,PPI,0,1980,6,6,29378,8.30,
6/24/1980,CPI,0,1980,6,24,29396,8.30,
7/3/1980,Emp,0,1980,3,7,29287,8.30,
7/3/1980,FOMC,0,1980,3,7,29287,100,
7/3/1980,PPI,0,1980,3,7,29287,8.30,
7/11/1980,Emp,0,1980,11,7,29532,8.30,
7/11/1980,PPI,0,1980,11,7,29532,8.30,
7/23/1980,CPI,0,1980,7,23,29425,8.30,
8/7/1980,PPI,0,1980,7,8,29410,8.30,
8/15/1980,PPI,0,1980,8,15,29448,8.30,
8/22/1980,CPI,0,1980,8,22,29455,8.30,
9/1/1980,FOMC,0,1980,1,9,29229,100,
9/5/1980,PPI,0,1980,5,9,29350,8.30,
9/7/1980,FOMC,0,1980,7,9,29411,100,
9/16/1980,FOMC,0,1980,9,16,29480,100,
9/23/1980,CPI,0,1980,9,23,29487,8.30,
10/21/1980,FOMC,0,1980,10,21,29515,100,
10/24/1980,CPI,0,1980,10,24,29518,8.30,
11/1/1980,Emp,0,1980,1,11,29231,8.30,
11/1/1980,PPI,0,1980,1,11,29231,8.30,
11/18/1980,FOMC,0,1980,11,18,29543,100,
11/25/1980,CPI,0,1980,11,25,29550,8.30,
11/26/1980,FOMC,0,1980,11,26,29551,100,
12/8/1980,FOMC,0,1980,8,12,29445,100,
12/12/1980,FOMC,0,1980,12,12,29567,100,
12/19/1980,FOMC,0,1980,12,19,29574,100,
12/23/1980,CPI,0,1980,12,23,29578,8.30,
1/23/1981,CPI,0,1981,1,23,29609,8.30,
2/7/1981,Emp,0,1981,7,2,29769,8.30,
2/10/1981,Emp,0,1981,10,2,29861,8.30,
2/13/1981,PPI,0,1981,2,13,29630,8.30,
2/24/1981,FOMC,0,1981,2,24,29641,100,
2/25/1981,CPI,0,1981,2,25,29642,8.30,
3/2/1981,FOMC,0,1981,2,3,29620,100,
3/4/1981,Emp,0,1981,4,3,29679,8.30,
3/4/1981,PPI,0,1981,4,3,29679,8.30,
3/24/1981,CPI,0,1981,3,24,29669,8.30,
3/31/1981,FOMC,0,1981,3,31,29676,100,
4/9/1981,Emp,0,1981,9,4,29833,8.30,
4/9/1981,PPI,0,1981,9,4,29833,8.30,
4/12/1981,Emp,0,1981,12,4,29924,8.30,
4/23/1981,CPI,0,1981,4,23,29699,8.30,
5/6/1981,Emp,0,1981,6,5,29742,8.30,
5/6/1981,PPI,0,1981,6,5,29742,8.30,
5/18/1981,FOMC,0,1981,5,18,29724,100,
5/22/1981,CPI,0,1981,5,22,29728,8.30,
6/2/1981,Emp,0,1981,2,6,29623,8.30,
6/3/1981,Emp,0,1981,3,6,29651,8.30,
6/3/1981,PPI,0,1981,3,6,29651,8.30,
6/5/1981,FOMC,0,1981,5,6,29712,100,
6/10/1981,FOMC,0,1981,10,6,29865,100,
6/11/1981,Emp,0,1981,11,6,29896,8.30,
6/23/1981,CPI,0,1981,6,23,29760,8.30,
7/7/1981,FOMC,0,1981,7,7,29774,100,
7/7/1981,PPI,0,1981,7,7,29774,8.30,
7/8/1981,Emp,0,1981,8,7,29805,8.30,
7/8/1981,FOMC,0,1981,8,7,29805,100,
7/23/1981,CPI,0,1981,7,23,29790,8.30,
8/5/1981,Emp,0,1981,5,8,29714,8.30,
8/5/1981,PPI,0,1981,5,8,29714,8.30,
8/14/1981,PPI,0,1981,8,14,29812,8.30,
8/18/1981,FOMC,0,1981,8,18,29816,100,
8/25/1981,CPI,0,1981,8,25,29823,8.30,
9/1/1981,Emp,0,1981,1,9,29595,8.30,
9/1/1981,PPI,0,1981,1,9,29595,8.30,
9/10/1981,PPI,0,1981,10,9,29868,8.30,
9/12/1981,PPI,0,1981,12,9,29929,8.30,
9/24/1981,CPI,0,1981,9,24,29853,8.30,
10/23/1981,CPI,0,1981,10,23,29882,8.30,
11/16/1981,PPI,0,1981,11,16,29906,8.30,
11/17/1981,FOMC,0,1981,11,17,29907,100,
11/24/1981,CPI,0,1981,11,24,29914,8.30,
12/22/1981,CPI,0,1981,12,22,29942,8.30,
12/22/1981,FOMC,0,1981,12,22,29942,100,
1/7/1982,FOMC,0,1982,7,1,30133,100,
1/15/1982,PPI,0,1982,1,15,29966,8.30,
1/22/1982,CPI,0,1982,1,22,29973,8.30,
2/2/1982,FOMC,0,1982,2,2,29984,100,
2/4/1982,Emp,0,1982,4,2,30043,8.30,
2/7/1982,Emp,0,1982,7,2,30134,8.30,
2/25/1982,CPI,0,1982,2,25,30007,8.30,
3/9/1982,Emp,0,1982,9,3,30197,8.30,
3/12/1982,Emp,0,1982,12,3,30288,8.30,
3/23/1982,CPI,0,1982,3,23,30033,8.30,
3/30/1982,FOMC,0,1982,3,30,30040,100,
4/6/1982,Emp,0,1982,6,4,30106,8.30,
4/23/1982,CPI,0,1982,4,23,30064,8.30,
5/2/1982,Emp,0,1982,2,5,29987,8.30,
5/3/1982,Emp,0,1982,3,5,30015,8.30,
5/10/1982,FOMC,0,1982,10,5,30229,100,
5/11/1982,Emp,0,1982,11,5,30260,8.30,
5/14/1982,PPI,0,1982,5,14,30085,8.30,
5/18/1982,FOMC,0,1982,5,18,30089,100,
5/21/1982,CPI,0,1982,5,21,30092,8.30,
6/8/1982,Emp,0,1982,8,6,30169,8.30,
6/22/1982,CPI,0,1982,6,22,30124,8.30,
7/5/1982,Emp,0,1982,5,7,30078,8.30,
7/15/1982,FOMC,0,1982,7,15,30147,100,
7/16/1982,PPI,0,1982,7,16,30148,8.30,
7/23/1982,CPI,0,1982,7,23,30155,8.30,
8/1/1982,Emp,0,1982,1,8,29959,8.30,
8/10/1982,Emp,0,1982,10,8,30232,8.30,
8/13/1982,PPI,0,1982,8,13,30176,8.30,
8/24/1982,CPI,0,1982,8,24,30187,8.30,
8/24/1982,FOMC,0,1982,8,24,30187,100,
9/4/1982,PPI,0,1982,4,9,30050,8.30,
9/23/1982,CPI,0,1982,9,23,30217,8.30,
10/9/1982,PPI,0,1982,9,10,30204,8.30,
10/12/1982,PPI,0,1982,12,10,30295,8.30,
10/15/1982,PPI,0,1982,10,15,30239,8.30,
10/26/1982,CPI,0,1982,10,26,30250,8.30,
11/6/1982,PPI,0,1982,6,11,30113,8.30,
11/16/1982,FOMC,0,1982,11,16,30271,100,
11/16/1982,PPI,0,1982,11,16,30271,8.30,
11/23/1982,CPI,0,1982,11,23,30278,8.30,
12/2/1982,PPI,0,1982,2,12,29994,8.30,
12/3/1982,PPI,0,1982,3,12,30022,8.30,
12/21/1982,CPI,0,1982,12,21,30306,8.30,
12/21/1982,FOMC,0,1982,12,21,30306,100,
1/4/1983,Emp,0,1983,4,1,30407,8.30,
1/14/1983,PPI,0,1983,1,14,30330,8.30,
1/21/1983,CPI,0,1983,1,21,30337,8.30,
2/9/1983,Emp,0,1983,9,2,30561,8.30,
2/12/1983,Emp,0,1983,12,2,30652,8.30,
2/25/1983,CPI,0,1983,2,25,30372,8.30,
3/6/1983,Emp,0,1983,6,3,30470,8.30,
3/18/1983,PPI,0,1983,3,18,30393,8.30,
3/23/1983,CPI,0,1983,3,23,30398,8.30,
3/29/1983,FOMC,0,1983,3,29,30404,100,
4/2/1983,Emp,0,1983,2,4,30351,8.30,
4/3/1983,Emp,0,1983,3,4,30379,8.30,
4/10/1983,FOMC,0,1983,10,4,30593,100,
4/11/1983,Emp,0,1983,11,4,30624,8.30,
4/15/1983,PPI,0,1983,4,15,30421,8.30,
4/22/1983,CPI,0,1983,4,22,30428,8.30,
5/8/1983,Emp,0,1983,8,5,30533,8.30,
5/13/1983,PPI,0,1983,5,13,30449,8.30,
5/24/1983,CPI,0,1983,5,24,30460,8.30,
5/24/1983,FOMC,0,1983,5,24,30460,100,
6/5/1983,Emp,0,1983,5,6,30442,8.30,
6/22/1983,CPI,0,1983,6,22,30489,8.30,
7/1/1983,Emp,0,1983,1,7,30323,8.30,
7/10/1983,Emp,0,1983,10,7,30596,8.30,
7/13/1983,FOMC,0,1983,7,13,30510,100,
7/15/1983,PPI,0,1983,7,15,30512,8.30,
7/22/1983,CPI,0,1983,7,22,30519,8.30,
8/7/1983,Emp,0,1983,7,8,30505,8.30,
8/23/1983,CPI,0,1983,8,23,30551,8.30,
8/23/1983,FOMC,0,1983,8,23,30551,100,
9/2/1983,FOMC,0,1983,2,9,30356,100,
9/9/1983,PPI,0,1983,9,9,30568,8.30,
9/23/1983,CPI,0,1983,9,23,30582,8.30,
10/6/1983,PPI,0,1983,6,10,30477,8.30,
10/11/1983,PPI,0,1983,11,10,30630,8.30,
10/14/1983,PPI,0,1983,10,14,30603,8.30,
10/25/1983,CPI,0,1983,10,25,30614,8.30,
11/2/1983,PPI,0,1983,2,11,30358,8.30,
11/15/1983,FOMC,0,1983,11,15,30635,100,
11/23/1983,CPI,0,1983,11,23,30643,8.30,
12/8/1983,PPI,0,1983,8,12,30540,8.30,
12/16/1983,PPI,0,1983,12,16,30666,8.30,
12/20/1983,FOMC,0,1983,12,20,30670,100,
12/21/1983,CPI,0,1983,12,21,30671,8.30,
1/6/1984,Emp,0,1984,6,1,30834,8.30,
1/13/1984,PPI,0,1984,1,13,30694,8.30,
1/24/1984,CPI,0,1984,1,24,30705,8.30,
1/31/1984,FOMC,0,1984,1,31,30712,100,
2/10/1984,FOMC,0,1984,10,2,30957,100,
2/11/1984,Emp,0,1984,11,2,30988,8.30,
2/24/1984,CPI,0,1984,2,24,30736,8.30,
3/2/1984,Emp,0,1984,2,3,30715,8.30,
3/8/1984,Emp,0,1984,8,3,30897,8.30,
3/16/1984,PPI,0,1984,3,16,30757,8.30,
3/23/1984,CPI,0,1984,3,23,30764,8.30,
3/27/1984,FOMC,0,1984,3,27,30768,100,
4/5/1984,Emp,0,1984,5,4,30806,8.30,
4/13/1984,PPI,0,1984,4,13,30785,8.30,
4/24/1984,CPI,0,1984,4,24,30796,8.30,
5/10/1984,Emp,0,1984,10,5,30960,8.30,
5/22/1984,CPI,0,1984,5,22,30824,8.30,
5/22/1984,FOMC,0,1984,5,22,30824,100,
6/1/1984,Emp,0,1984,1,6,30687,8.30,
6/4/1984,Emp,0,1984,4,6,30778,8.30,
6/7/1984,Emp,0,1984,7,6,30869,8.30,
6/15/1984,PPI,0,1984,6,15,30848,8.30,
6/22/1984,CPI,0,1984,6,22,30855,8.30,
7/9/1984,Emp,0,1984,9,7,30932,8.30,
7/11/1984,FOMC,0,1984,11,7,30993,100,
7/12/1984,Emp,0,1984,12,7,31023,8.30,
7/13/1984,PPI,0,1984,7,13,30876,8.30,
7/17/1984,FOMC,0,1984,7,17,30880,100,
7/24/1984,CPI,0,1984,7,24,30887,8.30,
8/21/1984,FOMC,0,1984,8,21,30915,100,
8/22/1984,CPI,0,1984,8,22,30916,8.30,
9/3/1984,Emp,0,1984,3,9,30750,8.30,
9/11/1984,PPI,0,1984,11,9,30995,8.30,
9/14/1984,PPI,0,1984,9,14,30939,8.30,
9/21/1984,CPI,0,1984,9,21,30946,8.30,
10/2/1984,PPI,0,1984,2,10,30722,8.30,
10/8/1984,PPI,0,1984,8,10,30904,8.30,
10/24/1984,CPI,0,1984,10,24,30979,8.30,
11/5/1984,PPI,0,1984,5,11,30813,8.30,
11/21/1984,CPI,0,1984,11,21,31007,8.30,
12/10/1984,PPI,0,1984,10,12,30967,8.30,
12/14/1984,PPI,0,1984,12,14,31030,8.30,
12/18/1984,FOMC,0,1984,12,18,31034,100,
12/20/1984,CPI,0,1984,12,20,31036,8.30,
1/2/1985,Emp,0,1985,2,1,31079,8.30,
1/10/1985,FOMC,0,1985,10,1,31321,100,
1/11/1985,Emp,0,1985,11,1,31352,8.30,
1/23/1985,CPI,0,1985,1,23,31070,8.30,
2/8/1985,Emp,0,1985,8,2,31261,8.30,
2/13/1985,FOMC,0,1985,2,13,31091,100,
2/15/1985,PPI,0,1985,2,15,31093,8.30,
2/26/1985,CPI,0,1985,2,26,31104,8.30,
3/5/1985,Emp,0,1985,5,3,31170,8.30,
3/15/1985,PPI,0,1985,3,15,31121,8.30,
3/22/1985,CPI,0,1985,3,22,31128,8.30,
3/26/1985,FOMC,0,1985,3,26,31132,100,
4/10/1985,Emp,0,1985,10,4,31324,8.30,
4/23/1985,CPI,0,1985,4,23,31160,8.30,
5/4/1985,Emp,0,1985,4,5,31142,8.30,
5/7/1985,Emp,0,1985,7,5,31233,8.30,
5/11/1985,FOMC,0,1985,11,5,31356,100,
5/21/1985,CPI,0,1985,5,21,31188,8.30,
5/21/1985,FOMC,0,1985,5,21,31188,100,
6/9/1985,Emp,0,1985,9,6,31296,8.30,
6/12/1985,Emp,0,1985,12,6,31387,8.30,
6/14/1985,PPI,0,1985,6,14,31212,8.30,
6/20/1985,CPI,0,1985,6,20,31218,8.30,
7/6/1985,Emp,0,1985,6,7,31205,8.30,
7/23/1985,CPI,0,1985,7,23,31251,8.30,
8/3/1985,Emp,0,1985,3,8,31114,8.30,
8/20/1985,FOMC,0,1985,8,20,31279,100,
8/22/1985,CPI,0,1985,8,22,31281,8.30,
9/1/1985,Emp,0,1985,1,9,31056,8.30,
9/13/1985,PPI,0,1985,9,13,31303,8.30,
9/24/1985,CPI,0,1985,9,24,31314,8.30,
10/5/1985,PPI,0,1985,5,10,31177,8.30,
10/7/1985,FOMC,0,1985,7,10,31238,100,
10/23/1985,CPI,0,1985,10,23,31343,8.30,
11/1/1985,PPI,0,1985,1,11,31058,8.30,
11/10/1985,PPI,0,1985,10,11,31331,8.30,
11/15/1985,PPI,0,1985,11,15,31366,8.30,
11/22/1985,CPI,0,1985,11,22,31373,8.30,
12/4/1985,PPI,0,1985,4,12,31149,8.30,
12/7/1985,PPI,0,1985,7,12,31240,8.30,
12/8/1985,PPI,0,1985,8,12,31271,8.30,
12/13/1985,PPI,0,1985,12,13,31394,8.30,
12/17/1985,FOMC,0,1985,12,17,31398,100,
12/20/1985,CPI,0,1985,12,20,31401,8.30,
1/4/1986,FOMC,0,1986,4,1,31503,100,
1/8/1986,Emp,0,1986,8,1,31625,8.30,
1/22/1986,CPI,0,1986,1,22,31434,8.30,
2/5/1986,Emp,0,1986,5,2,31534,8.30,
2/15/1986,PPI,0,1986,2,15,31458,8.30,
2/25/1986,CPI,0,1986,2,25,31468,8.30,
3/7/1986,Emp,0,1986,7,3,31596,8.30,
3/10/1986,Emp,0,1986,10,3,31688,8.30,
3/14/1986,PPI,0,1986,3,14,31485,8.30,
3/25/1986,CPI,0,1986,3,25,31496,8.30,
4/4/1986,Emp,0,1986,4,4,31506,8.30,
4/22/1986,CPI,0,1986,4,22,31524,8.30,
5/9/1986,Emp,0,1986,9,5,31660,8.30,
5/11/1986,FOMC,0,1986,11,5,31721,100,
5/12/1986,Emp,0,1986,12,5,31751,8.30,
5/16/1986,PPI,0,1986,5,16,31548,8.30,
5/20/1986,FOMC,0,1986,5,20,31552,100,
5/21/1986,CPI,0,1986,5,21,31553,8.30,
6/6/1986,Emp,0,1986,6,6,31569,8.30,
6/13/1986,PPI,0,1986,6,13,31576,8.30,
6/20/1986,CPI,0,1986,6,20,31583,8.30,
7/2/1986,Emp,0,1986,2,7,31450,8.30,
7/3/1986,Emp,0,1986,3,7,31478,8.30,
7/11/1986,Emp,0,1986,11,7,31723,8.30,
7/23/1986,CPI,0,1986,7,23,31616,8.30,
8/1/1986,Emp,0,1986,1,8,31420,8.30,
8/15/1986,PPI,0,1986,8,15,31639,8.30,
8/19/1986,FOMC,0,1986,8,19,31643,100,
8/21/1986,CPI,0,1986,8,21,31645,8.30,
9/7/1986,FOMC,0,1986,7,9,31602,100,
9/23/1986,CPI,0,1986,9,23,31678,8.30,
9/23/1986,FOMC,0,1986,9,23,31678,100,
10/1/1986,PPI,0,1986,1,10,31422,8.30,
10/10/1986,PPI,0,1986,10,10,31695,8.30,
10/23/1986,CPI,0,1986,10,23,31708,8.30,
11/4/1986,PPI,0,1986,4,11,31513,8.30,
11/7/1986,PPI,0,1986,7,11,31604,8.30,
11/14/1986,PPI,0,1986,11,14,31730,8.30,
11/25/1986,CPI,0,1986,11,25,31741,8.30,
12/2/1986,FOMC,0,1986,2,12,31455,100,
12/9/1986,PPI,0,1986,9,12,31667,8.30,
12/12/1986,PPI,0,1986,12,12,31758,8.30,
12/16/1986,FOMC,0,1986,12,16,31762,100,
12/19/1986,CPI,0,1986,12,19,31765,8.30,
1/21/1987,CPI,0,1987,1,21,31798,8.30,
2/7/1987,Emp,0,1987,7,2,31960,8.30,
2/10/1987,Emp,0,1987,10,2,32052,8.30,
2/13/1987,PPI,0,1987,2,13,31821,8.30,
2/27/1987,CPI,0,1987,2,27,31835,8.30,
3/4/1987,Emp,0,1987,4,3,31870,8.30,
3/11/1987,FOMC,0,1987,11,3,32084,100,
3/13/1987,PPI,0,1987,3,13,31849,8.30,
3/27/1987,CPI,0,1987,3,27,31863,8.30,
3/31/1987,FOMC,0,1987,3,31,31867,100,
4/9/1987,Emp,0,1987,9,4,32024,8.30,
4/12/1987,Emp,0,1987,12,4,32115,8.30,
4/15/1987,PPI,0,1987,4,15,31882,8.30,
4/24/1987,CPI,0,1987,4,24,31891,8.30,
5/6/1987,Emp,0,1987,6,5,31933,8.30,
5/15/1987,PPI,0,1987,5,15,31912,8.30,
5/19/1987,FOMC,0,1987,5,19,31916,100,
5/22/1987,CPI,0,1987,5,22,31919,8.30,
6/2/1987,Emp,0,1987,2,6,31814,8.30,
6/3/1987,Emp,0,1987,3,6,31842,8.30,
6/11/1987,Emp,0,1987,11,6,32087,8.30,
6/23/1987,CPI,0,1987,6,23,31951,8.30,
7/7/1987,FOMC,0,1987,7,7,31965,100,
7/8/1987,Emp,0,1987,8,7,31996,8.30,
7/22/1987,CPI,0,1987,7,22,31980,8.30,
8/5/1987,Emp,0,1987,5,8,31905,8.30,
8/14/1987,PPI,0,1987,8,14,32003,8.30,
8/18/1987,FOMC,0,1987,8,18,32007,100,
8/21/1987,CPI,0,1987,8,21,32010,8.30,
9/1/1987,Emp,0,1987,1,9,31786,8.30,
9/1/1987,PPI,0,1987,1,9,31786,8.30,
9/22/1987,FOMC,0,1987,9,22,32042,100,
9/23/1987,CPI,0,1987,9,23,32043,8.30,
10/7/1987,PPI,0,1987,7,10,31968,8.30,
10/16/1987,PPI,0,1987,10,16,32066,8.30,
10/23/1987,CPI,0,1987,10,23,32073,8.30,
11/2/1987,FOMC,0,1987,2,11,31819,100,
11/9/1987,PPI,0,1987,9,11,32031,8.30,
11/12/1987,PPI,0,1987,12,11,32122,8.30,
11/13/1987,PPI,0,1987,11,13,32094,8.30,
11/20/1987,CPI,0,1987,11,20,32101,8.30,
12/6/1987,PPI,0,1987,6,12,31940,8.30,
12/16/1987,FOMC,0,1987,12,16,32127,100,
12/18/1987,CPI,0,1987,12,18,32129,8.30,
1/4/1988,Emp,0,1988,4,1,32234,8.30,
1/11/1988,FOMC,0,1988,11,1,32448,100,
1/15/1988,PPI,0,1988,1,15,32157,8.30,
1/20/1988,CPI,0,1988,1,20,32162,8.30,
2/9/1988,Emp,0,1988,9,2,32388,8.30,
2/12/1988,Emp,0,1988,12,2,32479,8.30,
2/26/1988,CPI,0,1988,2,26,32199,8.30,
3/6/1988,Emp,0,1988,6,3,32297,8.30,
3/17/1988,PPI,0,1988,3,17,32219,8.30,
3/23/1988,CPI,0,1988,3,23,32225,8.30,
3/29/1988,FOMC,0,1988,3,29,32231,100,
4/3/1988,Emp,0,1988,3,4,32206,8.30,
4/11/1988,Emp,0,1988,11,4,32451,8.30,
4/14/1988,PPI,0,1988,4,14,32247,8.30,
4/20/1988,CPI,0,1988,4,20,32253,8.30,
5/1/1988,FOMC,0,1988,1,5,32147,100,
5/2/1988,Emp,0,1988,2,5,32178,8.30,
5/8/1988,Emp,0,1988,8,5,32360,8.30,
5/13/1988,PPI,0,1988,5,13,32276,8.30,
5/17/1988,FOMC,0,1988,5,17,32280,100,
5/20/1988,CPI,0,1988,5,20,32283,8.30,
6/5/1988,Emp,0,1988,5,6,32269,8.30,
6/21/1988,CPI,0,1988,6,21,32315,8.30,
6/30/1988,FOMC,0,1988,6,30,32324,100,
7/10/1988,Emp,0,1988,10,7,32423,8.30,
7/15/1988,PPI,0,1988,7,15,32339,8.30,
7/22/1988,CPI,0,1988,7,22,32346,8.30,
8/1/1988,Emp,0,1988,1,8,32150,8.30,
8/7/1988,Emp,0,1988,7,8,32332,8.30,
8/16/1988,FOMC,0,1988,8,16,32371,100,
8/23/1988,CPI,0,1988,8,23,32378,8.30,
9/9/1988,PPI,0,1988,9,9,32395,8.30,
9/20/1988,FOMC,0,1988,9,20,32406,100,
9/21/1988,CPI,0,1988,9,21,32407,8.30,
10/2/1988,FOMC,0,1988,2,10,32183,100,
10/6/1988,PPI,0,1988,6,10,32304,8.30,
10/11/1988,PPI,0,1988,11,10,32457,8.30,
10/14/1988,PPI,0,1988,10,14,32430,8.30,
10/21/1988,CPI,0,1988,10,21,32437,8.30,
11/22/1988,CPI,0,1988,11,22,32469,8.30,
12/2/1988,PPI,0,1988,2,12,32185,8.30,
12/8/1988,PPI,0,1988,8,12,32367,8.30,
12/14/1988,FOMC,0,1988,12,14,32491,100,
12/16/1988,PPI,0,1988,12,16,32493,8.30,
12/20/1988,CPI,0,1988,12,20,32497,8.30,
1/9/1989,Emp,0,1989,9,1,32752,8.30,
1/13/1989,PPI,0,1989,1,13,32521,8.30,
1/19/1989,CPI,0,1989,1,19,32527,8.30,
2/6/1989,Emp,0,1989,6,2,32661,8.30,
2/22/1989,CPI,0,1989,2,22,32561,8.30,
3/2/1989,Emp,0,1989,2,3,32542,8.30,
3/10/1989,FOMC,0,1989,10,3,32784,100,
3/11/1989,Emp,0,1989,11,3,32815,8.30,
3/17/1989,PPI,0,1989,3,17,32584,8.30,
3/21/1989,CPI,0,1989,3,21,32588,8.30,
3/28/1989,FOMC,0,1989,3,28,32595,100,
4/8/1989,Emp,0,1989,8,4,32724,8.30,
4/14/1989,PPI,0,1989,4,14,32612,8.30,
4/18/1989,CPI,0,1989,4,18,32616,8.30,
5/5/1989,Emp,0,1989,5,5,32633,8.30,
5/16/1989,FOMC,0,1989,5,16,32644,100,
5/18/1989,CPI,0,1989,5,18,32646,8.30,
6/1/1989,Emp,0,1989,1,6,32514,8.30,
6/7/1989,FOMC,0,1989,7,6,32695,100,
6/10/1989,Emp,0,1989,10,6,32787,8.30,
6/16/1989,CPI,0,1989,6,16,32675,8.30,
7/4/1989,Emp,0,1989,4,7,32605,8.30,
7/7/1989,Emp,0,1989,7,7,32696,8.30,
7/14/1989,PPI,0,1989,7,14,32703,8.30,
7/19/1989,CPI,0,1989,7,19,32708,8.30,
8/2/1989,FOMC,0,1989,2,8,32547,100,
8/12/1989,Emp,0,1989,12,8,32850,8.30,
8/18/1989,CPI,0,1989,8,18,32738,8.30,
8/22/1989,FOMC,0,1989,8,22,32742,100,
9/6/1989,PPI,0,1989,6,9,32668,8.30,
9/11/1989,PPI,0,1989,11,9,32821,8.30,
9/15/1989,PPI,0,1989,9,15,32766,8.30,
9/19/1989,CPI,0,1989,9,19,32770,8.30,
10/3/1989,Emp,0,1989,3,10,32577,8.30,
10/13/1989,PPI,0,1989,10,13,32794,8.30,
10/19/1989,CPI,0,1989,10,19,32800,8.30,
11/8/1989,PPI,0,1989,8,11,32731,8.30,
11/14/1989,FOMC,0,1989,11,14,32826,100,
11/21/1989,CPI,0,1989,11,21,32833,8.30,
12/2/1989,PPI,0,1989,2,12,32551,8.30,
12/5/1989,PPI,0,1989,5,12,32640,8.30,
12/15/1989,PPI,0,1989,12,15,32857,8.30,
12/19/1989,CPI,0,1989,12,19,32861,8.30,
12/19/1989,FOMC,0,1989,12,19,32861,100,
1/6/1990,Emp,0,1990,6,1,33025,8.30,
1/18/1990,CPI,0,1990,1,18,32891,8.30,
2/2/1990,Emp,0,1990,2,2,32906,8.30,
2/10/1990,FOMC,0,1990,10,2,33148,100,
2/11/1990,Emp,0,1990,11,2,33179,8.30,
2/21/1990,CPI,0,1990,2,21,32925,8.30,
3/7/1990,FOMC,0,1990,7,3,33057,100,
3/8/1990,Emp,0,1990,8,3,33088,8.30,
3/16/1990,PPI,0,1990,3,16,32948,8.30,
3/20/1990,CPI,0,1990,3,20,32952,8.30,
3/27/1990,FOMC,0,1990,3,27,32959,100,
4/5/1990,Emp,0,1990,5,4,32997,8.30,
4/13/1990,PPI,0,1990,4,13,32976,8.30,
4/17/1990,CPI,0,1990,4,17,32980,8.30,
5/1/1990,Emp,0,1990,1,5,32878,8.30,
5/10/1990,Emp,0,1990,10,5,33151,8.30,
5/15/1990,FOMC,0,1990,5,15,33008,100,
5/16/1990,CPI,0,1990,5,16,33009,8.30,
6/4/1990,Emp,0,1990,4,6,32969,8.30,
6/7/1990,Emp,0,1990,7,6,33060,8.30,
6/14/1990,PPI,0,1990,6,14,33038,8.30,
6/15/1990,CPI,0,1990,6,15,33039,8.30,
7/2/1990,FOMC,0,1990,2,7,32911,100,
7/9/1990,Emp,0,1990,9,7,33123,8.30,
7/12/1990,Emp,0,1990,12,7,33214,8.30,
7/13/1990,PPI,0,1990,7,13,33067,8.30,
7/18/1990,CPI,0,1990,7,18,33072,8.30,
8/16/1990,CPI,0,1990,8,16,33101,8.30,
8/21/1990,FOMC,0,1990,8,21,33106,100,
9/2/1990,PPI,0,1990,2,9,32913,8.30,
9/3/1990,Emp,0,1990,3,9,32941,8.30,
9/11/1990,PPI,0,1990,11,9,33186,8.30,
9/14/1990,PPI,0,1990,9,14,33130,8.30,
9/18/1990,CPI,0,1990,9,18,33134,8.30,
10/8/1990,PPI,0,1990,8,10,33095,8.30,
10/18/1990,CPI,0,1990,10,18,33164,8.30,
11/5/1990,PPI,0,1990,5,11,33004,8.30,
11/13/1990,FOMC,0,1990,11,13,33190,100,
11/16/1990,CPI,0,1990,11,16,33193,8.30,
12/1/1990,PPI,0,1990,1,12,32885,8.30,
12/10/1990,PPI,0,1990,10,12,33158,8.30,
12/14/1990,PPI,0,1990,12,14,33221,8.30,
12/18/1990,CPI,0,1990,12,18,33225,8.30,
12/18/1990,FOMC,0,1990,12,18,33225,100,
1/2/1991,Emp,0,1991,2,1,33270,8.30,
1/10/1991,FOMC,0,1991,10,1,33512,100,
1/11/1991,Emp,0,1991,11,1,33543,8.30,
1/16/1991,CPI,0,1991,1,16,33254,8.30,
2/8/1991,Emp,0,1991,8,2,33452,8.30,
2/15/1991,PPI,0,1991,2,15,33284,8.30,
2/20/1991,CPI,0,1991,2,20,33289,8.30,
3/5/1991,Emp,0,1991,5,3,33361,8.30,
3/7/1991,FOMC,0,1991,7,3,33422,100,
3/15/1991,PPI,0,1991,3,15,33312,8.30,
3/19/1991,CPI,0,1991,3,19,33316,8.30,
3/26/1991,FOMC,0,1991,3,26,33323,100,
4/1/1991,Emp,0,1991,1,4,33242,8.30,
4/10/1991,Emp,0,1991,10,4,33515,8.30,
5/4/1991,Emp,0,1991,4,5,33333,8.30,
5/7/1991,Emp,0,1991,7,5,33424,8.30,
5/11/1991,FOMC,0,1991,11,5,33547,100,
5/14/1991,CPI,0,1991,5,14,33372,8.30,
5/14/1991,FOMC,0,1991,5,14,33372,100,
6/2/1991,FOMC,0,1991,2,6,33275,100,
6/9/1991,Emp,0,1991,9,6,33487,8.30,
6/12/1991,Emp,0,1991,12,6,33578,8.30,
6/13/1991,PPI,0,1991,6,13,33402,8.30,
6/14/1991,CPI,0,1991,6,14,33403,8.30,
7/6/1991,Emp,0,1991,6,7,33396,8.30,
7/17/1991,CPI,0,1991,7,17,33436,8.30,
8/3/1991,Emp,0,1991,3,8,33305,8.30,
8/14/1991,CPI,0,1991,8,14,33464,8.30,
8/20/1991,FOMC,0,1991,8,20,33470,100,
9/8/1991,PPI,0,1991,8,9,33459,8.30,
9/13/1991,CPI,0,1991,9,13,33494,8.30,
10/5/1991,PPI,0,1991,5,10,33368,8.30,
10/17/1991,CPI,0,1991,10,17,33528,8.30,
11/1/1991,PPI,0,1991,1,11,33249,8.30,
11/4/1991,PPI,0,1991,4,11,33339,8.30,
11/10/1991,PPI,0,1991,10,11,33522,8.30,
11/13/1991,PPI,0,1991,11,13,33555,8.30,
11/14/1991,CPI,0,1991,11,14,33556,8.30,
12/4/1991,CPI,0,1991,4,12,33340,8.30,
12/7/1991,PPI,0,1991,7,12,33431,8.30,
12/9/1991,PPI,0,1991,9,12,33493,8.30,
12/12/1991,PPI,0,1991,12,12,33584,8.30,
12/13/1991,CPI,0,1991,12,13,33585,8.30,
12/17/1991,FOMC,0,1991,12,17,33589,100,
1/7/1992,FOMC,0,1992,7,1,33786,100,
1/16/1992,CPI,0,1992,1,16,33619,8.30,
2/7/1992,Emp,0,1992,7,2,33787,8.30,
2/10/1992,Emp,0,1992,10,2,33879,8.30,
2/14/1992,PPI,0,1992,2,14,33648,8.30,
2/19/1992,CPI,0,1992,2,19,33653,8.30,
3/4/1992,Emp,0,1992,4,3,33697,8.30,
3/13/1992,PPI,0,1992,3,13,33676,8.30,
3/17/1992,CPI,0,1992,3,17,33680,8.30,
3/31/1992,FOMC,0,1992,3,31,33694,100,
4/9/1992,Emp,0,1992,9,4,33851,8.30,
4/12/1992,Emp,0,1992,12,4,33942,8.30,
5/2/1992,FOMC,0,1992,2,5,33639,100,
5/6/1992,Emp,0,1992,6,5,33760,8.30,
5/13/1992,CPI,0,1992,5,13,33737,8.30,
5/19/1992,FOMC,0,1992,5,19,33743,100,
6/3/1992,Emp,0,1992,3,6,33669,8.30,
6/10/1992,FOMC,0,1992,10,6,33883,100,
6/11/1992,Emp,0,1992,11,6,33914,8.30,
7/2/1992,Emp,0,1992,2,7,33641,8.30,
7/8/1992,Emp,0,1992,8,7,33823,8.30,
7/14/1992,CPI,0,1992,7,14,33799,8.30,
8/5/1992,Emp,0,1992,5,8,33732,8.30,
8/13/1992,CPI,0,1992,8,13,33829,8.30,
8/18/1992,FOMC,0,1992,8,18,33834,100,
9/1/1992,PPI,0,1992,1,9,33612,8.30,
9/4/1992,PPI,0,1992,4,9,33703,8.30,
9/15/1992,CPI,0,1992,9,15,33862,8.30,
10/1/1992,Emp,0,1992,1,10,33613,8.30,
10/4/1992,CPI,0,1992,4,10,33704,8.30,
10/7/1992,PPI,0,1992,7,10,33795,8.30,
10/11/1992,PPI,0,1992,11,10,33918,8.30,
10/12/1992,PPI,0,1992,12,10,33948,8.30,
10/14/1992,PPI,0,1992,10,14,33891,8.30,
10/15/1992,CPI,0,1992,10,15,33892,8.30,
11/6/1992,PPI,0,1992,6,11,33766,8.30,
11/9/1992,PPI,0,1992,9,11,33858,8.30,
11/12/1992,CPI,0,1992,12,11,33949,8.30,
11/13/1992,CPI,0,1992,11,13,33921,8.30,
11/17/1992,FOMC,0,1992,11,17,33925,100,
12/5/1992,PPI,0,1992,5,12,33736,8.30,
12/6/1992,CPI,0,1992,6,12,33767,8.30,
12/8/1992,PPI,0,1992,8,12,33828,8.30,
12/22/1992,FOMC,0,1992,12,22,33960,100,
1/14/1993,PPI,0,1993,1,14,33983,8.30,
1/15/1993,CPI,0,1993,1,15,33984,8.30,
2/4/1993,Emp,0,1993,4,2,34061,8.30,
2/7/1993,Emp,0,1993,7,2,34152,8.30,
2/18/1993,CPI,0,1993,2,18,34018,8.30,
3/2/1993,FOMC,0,1993,2,3,34003,100,
3/9/1993,Emp,0,1993,9,3,34215,8.30,
3/12/1993,Emp,0,1993,12,3,34306,8.30,
3/17/1993,CPI,0,1993,3,17,34045,8.30,
3/23/1993,FOMC,0,1993,3,23,34051,100,
4/6/1993,Emp,0,1993,6,4,34124,8.30,
5/2/1993,Emp,0,1993,2,5,34005,8.30,
5/3/1993,Emp,0,1993,3,5,34033,8.30,
5/11/1993,Emp,0,1993,11,5,34278,8.30,
5/13/1993,CPI,0,1993,5,13,34102,8.30,
5/18/1993,FOMC,0,1993,5,18,34107,100,
6/8/1993,Emp,0,1993,8,6,34187,8.30,
6/15/1993,CPI,0,1993,6,15,34135,8.30,
7/5/1993,Emp,0,1993,5,7,34096,8.30,
7/7/1993,FOMC,0,1993,7,7,34157,100,
7/13/1993,PPI,0,1993,7,13,34163,8.30,
7/14/1993,CPI,0,1993,7,14,34164,8.30,
8/1/1993,Emp,0,1993,1,8,33977,8.30,
8/4/1993,PPI,0,1993,4,8,34067,8.30,
8/10/1993,Emp,0,1993,10,8,34250,8.30,
8/13/1993,CPI,0,1993,8,13,34194,8.30,
8/17/1993,FOMC,0,1993,8,17,34198,100,
9/4/1993,CPI,0,1993,4,9,34068,8.30,
9/11/1993,PPI,0,1993,11,9,34282,8.30,
9/12/1993,PPI,0,1993,12,9,34312,8.30,
9/14/1993,CPI,0,1993,9,14,34226,8.30,
9/21/1993,FOMC,0,1993,9,21,34233,100,
10/9/1993,PPI,0,1993,9,10,34222,8.30,
10/11/1993,CPI,0,1993,11,10,34283,8.30,
10/12/1993,CPI,0,1993,12,10,34313,8.30,
10/14/1993,PPI,0,1993,10,14,34256,8.30,
10/15/1993,CPI,0,1993,10,15,34257,8.30,
11/6/1993,PPI,0,1993,6,11,34131,8.30,
11/16/1993,FOMC,0,1993,11,16,34289,100,
12/2/1993,PPI,0,1993,2,12,34012,8.30,
12/3/1993,PPI,0,1993,3,12,34040,8.30,
12/5/1993,PPI,0,1993,5,12,34101,8.30,
12/8/1993,PPI,0,1993,8,12,34193,8.30,
12/21/1993,FOMC,0,1993,12,21,34324,100,
1/4/1994,Emp,0,1994,4,1,34425,8.30,
1/13/1994,CPI,0,1994,1,13,34347,8.30,
2/9/1994,Emp,0,1994,9,2,34579,8.30,
2/12/1994,Emp,0,1994,12,2,34670,8.30,
2/17/1994,CPI,0,1994,2,17,34382,8.30,
3/6/1994,Emp,0,1994,6,3,34488,8.30,
3/15/1994,PPI,0,1994,3,15,34408,8.30,
3/16/1994,CPI,0,1994,3,16,34409,8.30,
3/22/1994,FOMC,0,1994,3,22,34415,2.15,
4/2/1994,Emp,0,1994,2,4,34369,8.30,
4/2/1994,FOMC,0,1994,2,4,34369,11.05,
4/3/1994,Emp,0,1994,3,4,34397,8.30,
4/11/1994,Emp,0,1994,11,4,34642,8.30,
4/13/1994,CPI,0,1994,4,13,34437,8.30,
4/18/1994,FOMC,1,1994,4,18,34442,10.05,
5/8/1994,Emp,0,1994,8,5,34551,8.30,
5/13/1994,CPI,0,1994,5,13,34467,8.30,
5/17/1994,FOMC,0,1994,5,17,34471,2.25,
6/5/1994,Emp,0,1994,5,6,34460,8.30,
6/7/1994,FOMC,0,1994,7,6,34521,2.20,
6/14/1994,CPI,0,1994,6,14,34499,8.30,
7/1/1994,Emp,0,1994,1,7,34341,8.30,
7/10/1994,Emp,0,1994,10,7,34614,8.30,
7/13/1994,CPI,0,1994,7,13,34528,8.30,
8/7/1994,Emp,0,1994,7,8,34523,8.30,
8/16/1994,FOMC,0,1994,8,16,34562,1.15,
9/9/1994,PPI,0,1994,9,9,34586,8.30,
9/13/1994,CPI,0,1994,9,13,34590,8.30,
9/27/1994,FOMC,0,1994,9,27,34604,2.15,
10/6/1994,PPI,0,1994,6,10,34495,8.30,
10/11/1994,PPI,0,1994,11,10,34648,8.30,
10/13/1994,PPI,0,1994,10,13,34620,8.30,
10/14/1994,CPI,0,1994,10,14,34621,8.30,
11/2/1994,PPI,0,1994,2,11,34376,8.30,
11/8/1994,PPI,0,1994,8,11,34557,8.30,
11/15/1994,FOMC,0,1994,11,15,34653,2.15,
11/16/1994,CPI,0,1994,11,16,34654,8.30,
12/1/1994,PPI,0,1994,1,12,34346,8.30,
12/4/1994,PPI,0,1994,4,12,34436,8.30,
12/5/1994,PPI,0,1994,5,12,34466,8.30,
12/7/1994,PPI,0,1994,7,12,34527,8.30,
12/8/1994,CPI,0,1994,8,12,34558,8.30,
12/13/1994,PPI,0,1994,12,13,34681,8.30,
12/14/1994,CPI,0,1994,12,14,34682,8.30,
12/20/1994,FOMC,0,1994,12,20,34688,2.15,
1/2/1995,FOMC,0,1995,2,1,34731,2.15,
1/9/1995,Emp,0,1995,9,1,34943,8.30,
2/6/1995,Emp,0,1995,6,2,34852,8.30,
2/15/1995,CPI,0,1995,2,15,34745,8.30,
3/2/1995,Emp,0,1995,2,3,34733,8.30,
3/11/1995,Emp,0,1995,11,3,35006,8.30,
3/15/1995,PPI,0,1995,3,15,34773,8.30,
3/16/1995,CPI,0,1995,3,16,34774,8.30,
3/28/1995,FOMC,0,1995,3,28,34786,2.15,
4/8/1995,Emp,0,1995,8,4,34915,8.30,
5/5/1995,Emp,0,1995,5,5,34824,8.30,
5/23/1995,FOMC,0,1995,5,23,34842,2.15,
6/1/1995,Emp,0,1995,1,6,34705,8.30,
6/7/1995,FOMC,0,1995,7,6,34886,2.15,
6/10/1995,Emp,0,1995,10,6,34978,8.30,
6/13/1995,CPI,0,1995,6,13,34863,8.30,
7/4/1995,Emp,0,1995,4,7,34796,8.30,
7/7/1995,Emp,0,1995,7,7,34887,8.30,
7/13/1995,PPI,0,1995,7,13,34893,8.30,
7/14/1995,CPI,0,1995,7,14,34894,8.30,
8/12/1995,Emp,0,1995,12,8,35041,8.30,
8/22/1995,FOMC,0,1995,8,22,34933,2.15,
9/6/1995,PPI,0,1995,6,9,34859,8.30,
9/11/1995,PPI,0,1995,11,9,35012,8.30,
9/13/1995,CPI,0,1995,9,13,34955,8.30,
9/26/1995,FOMC,0,1995,9,26,34968,2.15,
10/1/1995,PPI,0,1995,1,10,34709,8.30,
10/2/1995,PPI,0,1995,2,10,34740,8.30,
10/3/1995,Emp,0,1995,3,10,34768,8.30,
10/8/1995,PPI,0,1995,8,10,34921,8.30,
10/13/1995,CPI,0,1995,10,13,34985,8.30,
11/1/1995,CPI,0,1995,1,11,34710,8.30,
11/4/1995,PPI,0,1995,4,11,34800,8.30,
11/5/1995,PPI,0,1995,5,11,34830,8.30,
11/8/1995,CPI,0,1995,8,11,34922,8.30,
11/15/1995,CPI,0,1995,11,15,35018,8.30,
11/15/1995,FOMC,0,1995,11,15,35018,2.15,
12/4/1995,CPI,0,1995,4,12,34801,8.30,
12/5/1995,CPI,0,1995,5,12,34831,8.30,
12/9/1995,PPI,0,1995,9,12,34954,8.30,
12/10/1995,PPI,0,1995,10,12,34984,8.30,
12/12/1995,PPI,0,1995,12,12,35045,8.30,
12/14/1995,CPI,0,1995,12,14,35047,8.30,
12/19/1995,FOMC,0,1995,12,19,35052,2.15,
1/2/1996,CPI,0,1996,2,1,35096,8.30,
1/11/1996,Emp,0,1996,11,1,35370,8.30,
1/19/1996,Emp,0,1996,1,19,35083,8.30,
1/31/1996,FOMC,0,1996,1,31,35095,2.15,
1/31/1996,PPI,0,1996,1,31,35095,8.30,
2/2/1996,Emp,0,1996,2,2,35097,8.30,
2/8/1996,Emp,0,1996,8,2,35279,8.30,
2/27/1996,PPI,0,1996,2,27,35122,8.30,
2/28/1996,CPI,0,1996,2,28,35123,8.30,
3/5/1996,Emp,0,1996,5,3,35188,8.30,
3/7/1996,FOMC,0,1996,7,3,35249,2.15,
3/14/1996,PPI,0,1996,3,14,35138,8.30,
3/15/1996,CPI,0,1996,3,15,35139,8.30,
3/26/1996,FOMC,0,1996,3,26,35150,11.40,
4/10/1996,Emp,0,1996,10,4,35342,8.30,
5/4/1996,Emp,0,1996,4,5,35160,8.30,
5/7/1996,Emp,0,1996,7,5,35251,8.30,
5/14/1996,CPI,0,1996,5,14,35199,8.30,
5/21/1996,FOMC,0,1996,5,21,35206,2.15,
6/9/1996,Emp,0,1996,9,6,35314,8.30,
6/12/1996,Emp,0,1996,12,6,35405,8.30,
7/6/1996,Emp,0,1996,6,7,35223,8.30,
7/16/1996,CPI,0,1996,7,16,35262,8.30,
8/3/1996,Emp,0,1996,3,8,35132,8.30,
8/13/1996,CPI,0,1996,8,13,35290,8.30,
8/20/1996,FOMC,0,1996,8,20,35297,2.15,
9/8/1996,PPI,0,1996,8,9,35286,8.30,
9/13/1996,CPI,0,1996,9,13,35321,8.30,
9/24/1996,FOMC,0,1996,9,24,35332,2.15,
10/5/1996,PPI,0,1996,5,10,35195,8.30,
10/16/1996,CPI,0,1996,10,16,35354,8.30,
11/4/1996,PPI,0,1996,4,11,35166,8.30,
11/6/1996,PPI,0,1996,6,11,35227,8.30,
11/10/1996,PPI,0,1996,10,11,35349,8.30,
11/12/1996,PPI,0,1996,12,11,35410,8.30,
11/13/1996,FOMC,0,1996,11,13,35382,2.15,
11/13/1996,PPI,0,1996,11,13,35382,8.30,
11/14/1996,CPI,0,1996,11,14,35383,8.30,
12/4/1996,CPI,0,1996,4,12,35167,8.30,
12/6/1996,CPI,0,1996,6,12,35228,8.30,
12/7/1996,PPI,0,1996,7,12,35258,8.30,
12/9/1996,PPI,0,1996,9,12,35320,8.30,
12/12/1996,CPI,0,1996,12,12,35411,8.30,
12/17/1996,FOMC,0,1996,12,17,35416,2.15,
1/8/1997,Emp,0,1997,8,1,35643,8.30,
1/14/1997,CPI,0,1997,1,14,35444,8.30,
2/5/1997,Emp,0,1997,5,2,35552,8.30,
2/7/1997,FOMC,0,1997,7,2,35613,2.15,
2/14/1997,PPI,0,1997,2,14,35475,8.30,
2/19/1997,CPI,0,1997,2,19,35480,8.30,
3/7/1997,Emp,0,1997,7,3,35614,8.30,
3/10/1997,Emp,0,1997,10,3,35706,8.30,
3/14/1997,PPI,0,1997,3,14,35503,8.30,
3/19/1997,CPI,0,1997,3,19,35508,8.30,
3/25/1997,FOMC,0,1997,3,25,35514,2.15,
4/4/1997,Emp,0,1997,4,4,35524,8.30,
4/15/1997,CPI,0,1997,4,15,35535,8.30,
5/2/1997,FOMC,0,1997,2,5,35466,2.15,
5/9/1997,Emp,0,1997,9,5,35678,8.30,
5/12/1997,Emp,0,1997,12,5,35769,8.30,
5/14/1997,PPI,0,1997,5,14,35564,8.30,
5/15/1997,CPI,0,1997,5,15,35565,8.30,
5/20/1997,FOMC,0,1997,5,20,35570,2.15,
6/6/1997,Emp,0,1997,6,6,35587,8.30,
6/13/1997,PPI,0,1997,6,13,35594,8.30,
6/17/1997,CPI,0,1997,6,17,35598,8.30,
7/2/1997,Emp,0,1997,2,7,35468,8.30,
7/3/1997,Emp,0,1997,3,7,35496,8.30,
7/11/1997,Emp,0,1997,11,7,35741,8.30,
7/16/1997,CPI,0,1997,7,16,35627,8.30,
8/13/1997,PPI,0,1997,8,13,35655,8.30,
8/14/1997,CPI,0,1997,8,14,35656,8.30,
8/19/1997,FOMC,0,1997,8,19,35661,2.15,
9/1/1997,PPI,0,1997,1,9,35439,8.30,
9/16/1997,CPI,0,1997,9,16,35689,8.30,
9/30/1997,FOMC,0,1997,9,30,35703,2.15,
10/1/1997,Emp,0,1997,1,10,35440,8.30,
10/10/1997,PPI,0,1997,10,10,35713,8.30,
10/16/1997,CPI,0,1997,10,16,35719,8.30,
11/4/1997,PPI,0,1997,4,11,35531,8.30,
11/7/1997,PPI,0,1997,7,11,35622,8.30,
11/14/1997,PPI,0,1997,11,14,35748,8.30,
11/18/1997,CPI,0,1997,11,18,35752,8.30,
12/9/1997,PPI,0,1997,9,12,35685,8.30,
12/11/1997,FOMC,0,1997,11,12,35746,2.15,
12/12/1997,PPI,0,1997,12,12,35776,8.30,
12/16/1997,CPI,0,1997,12,16,35780,8.30,
12/16/1997,FOMC,0,1997,12,16,35780,2.15,
1/7/1998,FOMC,0,1998,7,1,35977,2.15,
1/13/1998,CPI,0,1998,1,13,35808,8.30,
2/7/1998,Emp,0,1998,7,2,35978,8.30,
2/10/1998,Emp,0,1998,10,2,36070,8.30,
2/18/1998,PPI,0,1998,2,18,35844,8.30,
2/24/1998,CPI,0,1998,2,24,35850,8.30,
3/4/1998,Emp,0,1998,4,3,35888,8.30,
3/13/1998,PPI,0,1998,3,13,35867,8.30,
3/19/1998,CPI,0,1998,3,19,35873,8.30,
3/31/1998,FOMC,0,1998,3,31,35885,2.15,
4/2/1998,FOMC,0,1998,2,4,35830,2.15,
4/9/1998,Emp,0,1998,9,4,36042,8.30,
4/12/1998,Emp,0,1998,12,4,36133,8.30,
4/14/1998,CPI,0,1998,4,14,35899,8.30,
5/6/1998,Emp,0,1998,6,5,35951,8.30,
5/11/1998,Emp,0,1998,11,5,36104,8.30,
5/13/1998,PPI,0,1998,5,13,35928,8.30,
5/14/1998,CPI,0,1998,5,14,35929,8.30,
5/19/1998,FOMC,0,1998,5,19,35934,2.15,
6/2/1998,Emp,0,1998,2,6,35832,8.30,
6/3/1998,Emp,0,1998,3,6,35860,8.30,
6/16/1998,CPI,0,1998,6,16,35962,8.30,
7/8/1998,Emp,0,1998,8,7,36014,8.30,
7/14/1998,CPI,0,1998,7,14,35990,8.30,
8/1/1998,PPI,0,1998,1,8,35803,8.30,
8/5/1998,Emp,0,1998,5,8,35923,8.30,
8/14/1998,PPI,0,1998,8,14,36021,8.30,
8/18/1998,CPI,0,1998,8,18,36025,8.30,
8/18/1998,FOMC,0,1998,8,18,36025,2.15,
9/1/1998,Emp,0,1998,1,9,35804,8.30,
9/4/1998,PPI,0,1998,4,9,35894,8.30,
9/17/1998,CPI,0,1998,9,17,36055,8.30,
9/29/1998,FOMC,0,1998,9,29,36067,2.15,
10/7/1998,PPI,0,1998,7,10,35986,8.30,
10/15/1998,FOMC,0,1998,10,15,36083,2.15,
10/15/1998,PPI,0,1998,10,15,36083,8.30,
10/16/1998,CPI,0,1998,10,16,36084,8.30,
11/9/1998,PPI,0,1998,9,11,36049,8.30,
11/12/1998,PPI,0,1998,12,11,36140,8.30,
11/13/1998,PPI,0,1998,11,13,36112,8.30,
11/17/1998,CPI,0,1998,11,17,36116,8.30,
11/17/1998,FOMC,0,1998,11,17,36116,2.15,
12/6/1998,PPI,0,1998,6,12,35958,8.30,
12/15/1998,CPI,0,1998,12,15,36144,8.30,
12/22/1998,FOMC,0,1998,12,22,36151,2.15,
1/13/1999,PPI,0,1999,1,13,36173,8.30,
1/14/1999,CPI,0,1999,1,14,36174,8.30,
2/4/1999,Emp,0,1999,4,2,36252,8.30,
2/7/1999,Emp,0,1999,7,2,36343,8.30,
2/18/1999,PPI,0,1999,2,18,36209,8.30,
2/19/1999,CPI,0,1999,2,19,36210,8.30,
3/2/1999,FOMC,0,1999,2,3,36194,2.15,
3/9/1999,Emp,0,1999,9,3,36406,8.30,
3/12/1999,Emp,0,1999,12,3,36497,8.30,
3/18/1999,CPI,0,1999,3,18,36237,8.30,
3/30/1999,FOMC,0,1999,3,30,36249,2.15,
4/6/1999,Emp,0,1999,6,4,36315,8.30,
4/13/1999,CPI,0,1999,4,13,36263,8.30,
5/2/1999,Emp,0,1999,2,5,36196,8.30,
5/3/1999,Emp,0,1999,3,5,36224,8.30,
5/10/1999,FOMC,0,1999,10,5,36438,2.15,
5/11/1999,Emp,0,1999,11,5,36469,8.30,
5/13/1999,PPI,0,1999,5,13,36293,8.30,
5/14/1999,CPI,0,1999,5,14,36294,8.30,
5/18/1999,FOMC,0,1999,5,18,36298,2.15,
6/8/1999,Emp,0,1999,8,6,36378,8.30,
6/16/1999,CPI,0,1999,6,16,36327,8.30,
6/30/1999,FOMC,0,1999,6,30,36341,2.15,
7/5/1999,Emp,0,1999,5,7,36287,8.30,
7/14/1999,PPI,0,1999,7,14,36355,8.30,
7/15/1999,CPI,0,1999,7,15,36356,8.30,
8/1/1999,Emp,0,1999,1,8,36168,8.30,
8/10/1999,Emp,0,1999,10,8,36441,8.30,
8/13/1999,PPI,0,1999,8,13,36385,8.30,
8/17/1999,CPI,0,1999,8,17,36389,8.30,
8/24/1999,FOMC,0,1999,8,24,36396,2.15,
9/4/1999,PPI,0,1999,4,9,36259,8.30,
9/15/1999,CPI,0,1999,9,15,36418,8.30,
10/9/1999,PPI,0,1999,9,10,36413,8.30,
10/11/1999,PPI,0,1999,11,10,36474,8.30,
10/12/1999,PPI,0,1999,12,10,36504,8.30,
10/15/1999,PPI,0,1999,10,15,36448,8.30,
10/19/1999,CPI,0,1999,10,19,36452,8.30,
11/6/1999,PPI,0,1999,6,11,36322,8.30,
11/16/1999,FOMC,0,1999,11,16,36480,2.15,
11/17/1999,CPI,0,1999,11,17,36481,8.30,
12/3/1999,PPI,0,1999,3,12,36231,8.30,
12/14/1999,CPI,0,1999,12,14,36508,8.30,
12/21/1999,FOMC,0,1999,12,21,36515,2.15,
1/9/2000,Emp,0,2000,9,1,36770,8.30,
1/13/2000,PPI,0,2000,1,13,36538,8.30,
1/14/2000,CPI,0,2000,1,14,36539,8.30,
2/2/2000,FOMC,0,2000,2,2,36558,2.15,
2/6/2000,Emp,0,2000,6,2,36679,8.30,
2/17/2000,PPI,0,2000,2,17,36573,8.30,
2/18/2000,CPI,0,2000,2,18,36574,8.30,
3/3/2000,Emp,0,2000,3,3,36588,8.30,
3/10/2000,FOMC,0,2000,10,3,36802,2.15,
3/11/2000,Emp,0,2000,11,3,36833,8.30,
3/16/2000,PPI,0,2000,3,16,36601,8.30,
3/17/2000,CPI,0,2000,3,17,36602,8.30,
3/21/2000,FOMC,0,2000,3,21,36606,2.15,
4/2/2000,Emp,0,2000,2,4,36560,8.30,
4/8/2000,Emp,0,2000,8,4,36742,8.30,
4/13/2000,PPI,0,2000,4,13,36629,8.30,
4/14/2000,CPI,0,2000,4,14,36630,8.30,
5/5/2000,Emp,0,2000,5,5,36651,8.30,
5/16/2000,CPI,0,2000,5,16,36662,8.30,
5/16/2000,FOMC,0,2000,5,16,36662,2.15,
6/10/2000,Emp,0,2000,10,6,36805,8.30,
6/14/2000,CPI,0,2000,6,14,36691,8.30,
6/28/2000,FOMC,0,2000,6,28,36705,2.15,
7/1/2000,Emp,0,2000,1,7,36532,8.30,
7/4/2000,Emp,0,2000,4,7,36623,8.30,
7/7/2000,Emp,0,2000,7,7,36714,8.30,
7/14/2000,PPI,0,2000,7,14,36721,8.30,
7/18/2000,CPI,0,2000,7,18,36725,8.30,
8/12/2000,Emp,0,2000,12,8,36868,8.30,
8/16/2000,CPI,0,2000,8,16,36754,8.30,
8/22/2000,FOMC,0,2000,8,22,36760,2.15,
9/6/2000,PPI,0,2000,6,9,36686,8.30,
9/11/2000,PPI,0,2000,11,9,36839,8.30,
9/14/2000,PPI,0,2000,9,14,36783,8.30,
9/15/2000,CPI,0,2000,9,15,36784,8.30,
10/13/2000,PPI,0,2000,10,13,36812,8.30,
10/18/2000,CPI,0,2000,10,18,36817,8.30,
11/8/2000,PPI,0,2000,8,11,36749,8.30,
11/15/2000,FOMC,0,2000,11,15,36845,2.15,
11/16/2000,CPI,0,2000,11,16,36846,8.30,
12/5/2000,PPI,0,2000,5,12,36658,8.30,
12/14/2000,PPI,0,2000,12,14,36874,8.30,
12/15/2000,CPI,0,2000,12,15,36875,8.30,
12/19/2000,FOMC,0,2000,12,19,36879,2.15,
1/6/2001,Emp,0,2001,6,1,37043,8.30,
1/17/2001,CPI,0,2001,1,17,36908,8.30,
1/31/2001,FOMC,0,2001,1,31,36922,2.15,
2/2/2001,Emp,0,2001,2,2,36924,8.30,
2/10/2001,FOMC,0,2001,10,2,37166,2.15,
2/11/2001,Emp,0,2001,11,2,37197,8.30,
2/16/2001,PPI,0,2001,2,16,36938,8.30,
2/21/2001,CPI,0,2001,2,21,36943,8.30,
3/1/2001,FOMC,1,2001,1,3,36894,2.15,
3/8/2001,Emp,0,2001,8,3,37106,8.30,
3/16/2001,PPI,0,2001,3,16,36966,8.30,
3/20/2001,FOMC,0,2001,3,20,36970,2.15,
3/21/2001,CPI,0,2001,3,21,36971,8.30,
4/5/2001,Emp,0,2001,5,4,37015,8.30,
4/17/2001,CPI,0,2001,4,17,36998,8.30,
4/18/2001,FOMC,1,2001,4,18,36999,2.15,
5/1/2001,Emp,0,2001,1,5,36896,8.30,
5/10/2001,Emp,0,2001,10,5,37169,8.30,
5/15/2001,FOMC,0,2001,5,15,37026,2.15,
5/16/2001,CPI,0,2001,5,16,37027,8.30,
6/4/2001,Emp,0,2001,4,6,36987,8.30,
6/7/2001,Emp,0,2001,7,6,37078,8.30,
6/11/2001,FOMC,0,2001,11,6,37201,2.15,
6/14/2001,PPI,0,2001,6,14,37056,8.30,
6/15/2001,CPI,0,2001,6,15,37057,8.30,
6/27/2001,FOMC,0,2001,6,27,37069,2.15,
7/9/2001,Emp,0,2001,9,7,37141,8.30,
7/12/2001,Emp,0,2001,12,7,37232,8.30,
7/13/2001,PPI,0,2001,7,13,37085,8.30,
7/18/2001,CPI,0,2001,7,18,37090,8.30,
8/16/2001,CPI,0,2001,8,16,37119,8.30,
8/21/2001,FOMC,0,2001,8,21,37124,2.15,
9/3/2001,Emp,0,2001,3,9,36959,8.30,
9/11/2001,PPI,0,2001,11,9,37204,8.30,
9/13/2001,FOMC,1,2001,9,13,37147,2.15,
9/14/2001,PPI,0,2001,9,14,37148,8.30,
9/17/2001,FOMC,1,2001,9,17,37151,2.15,
9/18/2001,CPI,0,2001,9,18,37152,8.30,
10/8/2001,PPI,0,2001,8,10,37113,8.30,
10/19/2001,CPI,0,2001,10,19,37183,8.30,
11/4/2001,FOMC,1,2001,4,11,36992,2.15,
11/5/2001,PPI,0,2001,5,11,37022,8.30,
11/12/2001,FOMC,0,2001,12,11,37236,2.15,
11/16/2001,CPI,0,2001,11,16,37211,8.30,
12/1/2001,PPI,0,2001,1,12,36903,8.30,
12/4/2001,PPI,0,2001,4,12,36993,8.30,
12/10/2001,PPI,0,2001,10,12,37176,8.30,
12/13/2001,PPI,0,2001,12,13,37238,8.30,
12/14/2001,CPI,0,2001,12,14,37239,8.30,
1/2/2002,Emp,0,2002,2,1,37288,8.30,
1/11/2002,Emp,0,2002,11,1,37561,8.30,
1/16/2002,CPI,0,2002,1,16,37272,8.30,
1/30/2002,FOMC,0,2002,1,30,37286,2.15,
2/8/2002,Emp,0,2002,8,2,37470,8.30,
2/15/2002,PPI,0,2002,2,15,37302,8.30,
2/20/2002,CPI,0,2002,2,20,37307,8.30,
3/5/2002,Emp,0,2002,5,3,37379,8.30,
3/15/2002,PPI,0,2002,3,15,37330,8.30,
3/19/2002,FOMC,0,2002,3,19,37334,2.15,
3/21/2002,CPI,0,2002,3,21,37336,8.30,
4/1/2002,Emp,0,2002,1,4,37260,8.30,
4/10/2002,Emp,0,2002,10,4,37533,8.30,
4/16/2002,CPI,0,2002,4,16,37362,8.30,
5/4/2002,Emp,0,2002,4,5,37351,8.30,
5/7/2002,Emp,0,2002,7,5,37442,8.30,
5/15/2002,CPI,0,2002,5,15,37391,8.30,
6/9/2002,Emp,0,2002,9,6,37505,8.30,
6/11/2002,FOMC,0,2002,11,6,37566,2.15,
6/12/2002,Emp,0,2002,12,6,37596,8.30,
6/13/2002,PPI,0,2002,6,13,37420,8.30,
6/18/2002,CPI,0,2002,6,18,37425,8.30,
6/26/2002,FOMC,0,2002,6,26,37433,2.15,
7/5/2002,FOMC,0,2002,5,7,37383,2.15,
7/6/2002,Emp,0,2002,6,7,37414,8.30,
7/19/2002,CPI,0,2002,7,19,37456,8.30,
8/3/2002,Emp,0,2002,3,8,37323,8.30,
8/8/2002,PPI,0,2002,8,8,37476,8.30,
8/13/2002,FOMC,0,2002,8,13,37481,2.15,
8/16/2002,CPI,0,2002,8,16,37484,8.30,
9/13/2002,PPI,0,2002,9,13,37512,8.30,
9/18/2002,CPI,0,2002,9,18,37517,8.30,
9/24/2002,FOMC,0,2002,9,24,37523,2.15,
10/5/2002,PPI,0,2002,5,10,37386,8.30,
10/12/2002,FOMC,0,2002,12,10,37600,2.15,
10/18/2002,CPI,0,2002,10,18,37547,8.30,
11/1/2002,PPI,0,2002,1,11,37267,8.30,
11/7/2002,PPI,0,2002,7,11,37448,8.30,
11/10/2002,PPI,0,2002,10,11,37540,8.30,
11/15/2002,PPI,0,2002,11,15,37575,8.30,
11/19/2002,CPI,0,2002,11,19,37579,8.30,
12/4/2002,PPI,0,2002,4,12,37358,8.30,
12/13/2002,PPI,0,2002,12,13,37603,8.30,
12/17/2002,CPI,0,2002,12,17,37607,8.30,
1/8/2003,Emp,0,2003,8,1,37834,8.30,
1/15/2003,PPI,0,2003,1,15,37636,8.30,
1/16/2003,CPI,0,2003,1,16,37637,8.30,
1/29/2003,FOMC,0,2003,1,29,37650,2.15,
2/5/2003,Emp,0,2003,5,2,37743,8.30,
2/20/2003,PPI,0,2003,2,20,37672,8.30,
2/21/2003,CPI,0,2003,2,21,37673,8.30,
3/7/2003,Emp,0,2003,7,3,37805,8.30,
3/10/2003,Emp,0,2003,10,3,37897,8.30,
3/14/2003,PPI,0,2003,3,14,37694,8.30,
3/18/2003,FOMC,0,2003,3,18,37698,2.15,
3/21/2003,CPI,0,2003,3,21,37701,8.30,
4/4/2003,Emp,0,2003,4,4,37715,8.30,
4/16/2003,CPI,0,2003,4,16,37727,8.30,
5/9/2003,Emp,0,2003,9,5,37869,8.30,
5/12/2003,Emp,0,2003,12,5,37960,8.30,
5/15/2003,PPI,0,2003,5,15,37756,8.30,
5/16/2003,CPI,0,2003,5,16,37757,8.30,
6/5/2003,FOMC,0,2003,5,6,37747,2.15,
6/6/2003,Emp,0,2003,6,6,37778,8.30,
6/13/2003,PPI,0,2003,6,13,37785,8.30,
6/17/2003,CPI,0,2003,6,17,37789,8.30,
6/25/2003,FOMC,0,2003,6,25,37797,2.15,
7/2/2003,Emp,0,2003,2,7,37659,8.30,
7/3/2003,Emp,0,2003,3,7,37687,8.30,
7/11/2003,Emp,0,2003,11,7,37932,8.30,
7/16/2003,CPI,0,2003,7,16,37818,8.30,
8/14/2003,PPI,0,2003,8,14,37847,8.30,
8/15/2003,CPI,0,2003,8,15,37848,8.30,
9/12/2003,FOMC,0,2003,12,9,37964,2.15,
9/16/2003,CPI,0,2003,9,16,37880,8.30,
9/16/2003,FOMC,0,2003,9,16,37880,2.15,
10/1/2003,Emp,0,2003,1,10,37631,8.30,
10/10/2003,PPI,0,2003,10,10,37904,8.30,
10/16/2003,CPI,0,2003,10,16,37910,8.30,
10/28/2003,FOMC,0,2003,10,28,37922,2.15,
11/4/2003,PPI,0,2003,4,11,37722,8.30,
11/7/2003,PPI,0,2003,7,11,37813,8.30,
11/14/2003,PPI,0,2003,11,14,37939,8.30,
11/18/2003,CPI,0,2003,11,18,37943,8.30,
12/8/2003,FOMC,0,2003,8,12,37845,2.15,
12/9/2003,PPI,0,2003,9,12,37876,8.30,
12/12/2003,PPI,0,2003,12,12,37967,8.30,
12/16/2003,CPI,0,2003,12,16,37971,8.30,
1/4/2004,PPI,0,2004,4,1,38078,8.30,
1/14/2004,PPI,0,2004,1,14,38000,8.30,
1/15/2004,CPI,0,2004,1,15,38001,8.30,
1/28/2004,FOMC,0,2004,1,28,38014,2.15,
2/4/2004,Emp,0,2004,4,2,38079,8.30,
2/7/2004,Emp,0,2004,7,2,38170,8.30,
2/20/2004,CPI,0,2004,2,20,38037,8.30,
3/9/2004,Emp,0,2004,9,3,38233,8.30,
3/12/2004,Emp,0,2004,12,3,38324,8.30,
3/16/2004,FOMC,0,2004,3,16,38062,2.15,
3/17/2004,CPI,0,2004,3,17,38063,8.30,
3/18/2004,PPI,0,2004,3,18,38064,8.30,
4/5/2004,FOMC,0,2004,5,4,38111,2.15,
4/6/2004,Emp,0,2004,6,4,38142,8.30,
4/14/2004,CPI,0,2004,4,14,38091,8.30,
4/22/2004,PPI,0,2004,4,22,38099,8.30,
5/3/2004,Emp,0,2004,3,5,38051,8.30,
5/11/2004,Emp,0,2004,11,5,38296,8.30,
5/13/2004,PPI,0,2004,5,13,38120,8.30,
5/14/2004,CPI,0,2004,5,14,38121,8.30,
6/2/2004,Emp,0,2004,2,6,38023,8.30,
6/8/2004,Emp,0,2004,8,6,38205,8.30,
6/15/2004,CPI,0,2004,6,15,38153,8.30,
6/17/2004,PPI,0,2004,6,17,38155,8.30,
6/30/2004,FOMC,0,2004,6,30,38168,2.15,
7/5/2004,Emp,0,2004,5,7,38114,8.30,
7/15/2004,PPI,0,2004,7,15,38183,8.30,
7/16/2004,CPI,0,2004,7,16,38184,8.30,
8/10/2004,Emp,0,2004,10,8,38268,8.30,
8/13/2004,PPI,0,2004,8,13,38212,8.30,
8/17/2004,CPI,0,2004,8,17,38216,8.30,
9/1/2004,Emp,0,2004,1,9,37995,8.30,
9/16/2004,CPI,0,2004,9,16,38246,8.30,
9/21/2004,FOMC,0,2004,9,21,38251,2.15,
10/8/2004,FOMC,0,2004,8,10,38209,2.15,
10/9/2004,PPI,0,2004,9,10,38240,8.30,
10/11/2004,FOMC,0,2004,11,10,38301,2.15,
10/12/2004,PPI,0,2004,12,10,38331,8.30,
10/15/2004,PPI,0,2004,10,15,38275,8.30,
10/19/2004,CPI,0,2004,10,19,38279,8.30,
11/16/2004,PPI,0,2004,11,16,38307,8.30,
11/17/2004,CPI,0,2004,11,17,38308,8.30,
12/14/2004,FOMC,0,2004,12,14,38335,2.15,
12/17/2004,CPI,0,2004,12,17,38338,8.30,
1/4/2005,Emp,0,2005,4,1,38443,8.30,
1/11/2005,FOMC,0,2005,11,1,38657,2.15,
1/14/2005,PPI,0,2005,1,14,38366,8.30,
1/19/2005,CPI,0,2005,1,19,38371,8.30,
2/2/2005,FOMC,0,2005,2,2,38385,2.15,
2/9/2005,Emp,0,2005,9,2,38597,8.30,
2/12/2005,Emp,0,2005,12,2,38688,8.30,
2/18/2005,PPI,0,2005,2,18,38401,8.30,
2/23/2005,CPI,0,2005,2,23,38406,8.30,
3/5/2005,FOMC,0,2005,5,3,38475,2.15,
3/6/2005,Emp,0,2005,6,3,38506,8.30,
3/22/2005,FOMC,0,2005,3,22,38433,2.15,
3/22/2005,PPI,0,2005,3,22,38433,8.30,
3/23/2005,CPI,0,2005,3,23,38434,8.30,
4/2/2005,Emp,0,2005,2,4,38387,8.30,
4/3/2005,Emp,0,2005,3,4,38415,8.30,
4/11/2005,Emp,0,2005,11,4,38660,8.30,
4/19/2005,PPI,0,2005,4,19,38461,8.30,
4/20/2005,CPI,0,2005,4,20,38462,8.30,
5/8/2005,Emp,0,2005,8,5,38569,8.30,
5/17/2005,PPI,0,2005,5,17,38489,8.30,
5/18/2005,CPI,0,2005,5,18,38490,8.30,
6/5/2005,Emp,0,2005,5,6,38478,8.30,
6/14/2005,PPI,0,2005,6,14,38517,8.30,
6/15/2005,CPI,0,2005,6,15,38518,8.30,
6/30/2005,FOMC,0,2005,6,30,38533,2.15,
7/1/2005,Emp,0,2005,1,7,38359,8.30,
7/10/2005,Emp,0,2005,10,7,38632,8.30,
7/14/2005,CPI,0,2005,7,14,38547,8.30,
7/15/2005,PPI,0,2005,7,15,38548,8.30,
8/7/2005,Emp,0,2005,7,8,38541,8.30,
8/16/2005,CPI,0,2005,8,16,38580,8.30,
8/17/2005,PPI,0,2005,8,17,38581,8.30,
9/8/2005,FOMC,0,2005,8,9,38573,2.15,
9/13/2005,PPI,0,2005,9,13,38608,8.30,
9/15/2005,CPI,0,2005,9,15,38610,8.30,
9/20/2005,FOMC,0,2005,9,20,38615,2.15,
10/14/2005,CPI,0,2005,10,14,38639,8.30,
10/18/2005,PPI,0,2005,10,18,38643,8.30,
11/15/2005,PPI,0,2005,11,15,38671,8.30,
11/16/2005,CPI,0,2005,11,16,38672,8.30,
12/13/2005,FOMC,0,2005,12,13,38699,2.15,
12/15/2005,CPI,0,2005,12,15,38701,8.30,
12/20/2005,PPI,0,2005,12,20,38706,8.30,
1/9/2006,Emp,0,2006,9,1,38961,8.30,
1/13/2006,PPI,0,2006,1,13,38730,8.30,
1/18/2006,CPI,0,2006,1,18,38735,8.30,
1/31/2006,FOMC,0,2006,1,31,38748,2.15,
2/6/2006,Emp,0,2006,6,2,38870,8.30,
2/17/2006,PPI,0,2006,2,17,38765,8.30,
2/22/2006,CPI,0,2006,2,22,38770,8.30,
3/2/2006,Emp,0,2006,2,3,38751,8.30,
3/11/2006,Emp,0,2006,11,3,39024,8.30,
3/16/2006,CPI,0,2006,3,16,38792,8.30,
3/21/2006,PPI,0,2006,3,21,38797,8.30,
3/28/2006,FOMC,0,2006,3,28,38804,2.15,
4/8/2006,Emp,0,2006,8,4,38933,8.30,
4/18/2006,PPI,0,2006,4,18,38825,8.30,
4/19/2006,CPI,0,2006,4,19,38826,8.30,
5/5/2006,Emp,0,2006,5,5,38842,8.30,
5/16/2006,PPI,0,2006,5,16,38853,8.30,
5/17/2006,CPI,0,2006,5,17,38854,8.30,
6/1/2006,Emp,0,2006,1,6,38723,8.30,
6/10/2006,Emp,0,2006,10,6,38996,8.30,
6/13/2006,PPI,0,2006,6,13,38881,8.30,
6/14/2006,CPI,0,2006,6,14,38882,8.30,
6/29/2006,FOMC,0,2006,6,29,38897,2.15,
7/4/2006,Emp,0,2006,4,7,38814,8.30,
7/7/2006,Emp,0,2006,7,7,38905,8.30,
7/18/2006,PPI,0,2006,7,18,38916,8.30,
7/19/2006,CPI,0,2006,7,19,38917,8.30,
8/8/2006,FOMC,0,2006,8,8,38937,2.15,
8/12/2006,Emp,0,2006,12,8,39059,8.30,
8/15/2006,PPI,0,2006,8,15,38944,8.30,
8/16/2006,CPI,0,2006,8,16,38945,8.30,
9/15/2006,CPI,0,2006,9,15,38975,8.30,
9/19/2006,PPI,0,2006,9,19,38979,8.30,
9/20/2006,FOMC,0,2006,9,20,38980,2.15,
10/3/2006,Emp,0,2006,3,10,38786,8.30,
10/5/2006,FOMC,0,2006,5,10,38847,2.15,
10/17/2006,PPI,0,2006,10,17,39007,8.30,
10/18/2006,CPI,0,2006,10,18,39008,8.30,
10/25/2006,FOMC,0,2006,10,25,39015,2.15,
11/14/2006,PPI,0,2006,11,14,39035,8.30,
11/16/2006,CPI,0,2006,11,16,39037,8.30,
12/12/2006,FOMC,0,2006,12,12,39063,2.15,
12/15/2006,CPI,0,2006,12,15,39066,8.30,
12/19/2006,PPI,0,2006,12,19,39070,8.30,
1/6/2007,Emp,0,2007,6,1,39234,8.30,
1/17/2007,PPI,0,2007,1,17,39099,8.30,
1/18/2007,CPI,0,2007,1,18,39100,8.30,
1/31/2007,FOMC,0,2007,1,31,39113,2.15,
2/2/2007,Emp,0,2007,2,2,39115,8.30,
2/11/2007,Emp,0,2007,11,2,39388,8.30,
2/16/2007,PPI,0,2007,2,16,39129,8.30,
2/21/2007,CPI,0,2007,2,21,39134,8.30,
3/8/2007,Emp,0,2007,8,3,39297,8.30,
3/15/2007,PPI,0,2007,3,15,39156,8.30,
3/16/2007,CPI,0,2007,3,16,39157,8.30,
3/21/2007,FOMC,0,2007,3,21,39162,2.15,
4/5/2007,Emp,0,2007,5,4,39206,8.30,
4/17/2007,CPI,0,2007,4,17,39189,8.30,
5/1/2007,Emp,0,2007,1,5,39087,8.30,
5/10/2007,Emp,0,2007,10,5,39360,8.30,
5/15/2007,CPI,0,2007,5,15,39217,8.30,
6/4/2007,Emp,0,2007,4,6,39178,8.30,
6/7/2007,Emp,0,2007,7,6,39269,8.30,
6/12/2007,FOMC,1,2007,12,6,39422,2.15,
6/14/2007,PPI,0,2007,6,14,39247,8.30,
6/15/2007,CPI,0,2007,6,15,39248,8.30,
6/28/2007,FOMC,0,2007,6,28,39261,2.15,
7/8/2007,FOMC,0,2007,8,7,39301,2.15,
7/9/2007,Emp,0,2007,9,7,39332,8.30,
7/12/2007,Emp,0,2007,12,7,39423,8.30,
7/17/2007,PPI,0,2007,7,17,39280,8.30,
7/18/2007,CPI,0,2007,7,18,39281,8.30,
8/14/2007,PPI,0,2007,8,14,39308,8.30,
8/15/2007,CPI,0,2007,8,15,39309,8.30,
8/16/2007,FOMC,1,2007,8,16,39310,2.15,
9/3/2007,Emp,0,2007,3,9,39150,8.30,
9/5/2007,FOMC,0,2007,5,9,39211,2.15,
9/18/2007,FOMC,0,2007,9,18,39343,2.15,
9/18/2007,PPI,0,2007,9,18,39343,8.30,
9/19/2007,CPI,0,2007,9,19,39344,8.30,
10/8/2007,FOMC,1,2007,8,10,39304,2.15,
10/17/2007,CPI,0,2007,10,17,39372,8.30,
10/31/2007,FOMC,0,2007,10,31,39386,2.15,
11/5/2007,PPI,0,2007,5,11,39213,8.30,
11/12/2007,FOMC,0,2007,12,11,39427,2.15,
11/14/2007,PPI,0,2007,11,14,39400,8.30,
11/15/2007,CPI,0,2007,11,15,39401,8.30,
12/4/2007,PPI,0,2007,4,12,39184,8.30,
12/10/2007,PPI,0,2007,10,12,39367,8.30,
12/13/2007,PPI,0,2007,12,13,39429,8.30,
12/14/2007,CPI,0,2007,12,14,39430,8.30,
1/2/2008,Emp,0,2008,2,1,39479,8.30,
1/8/2008,Emp,0,2008,8,1,39661,8.30,
1/15/2008,PPI,0,2008,1,15,39462,8.30,
1/16/2008,CPI,0,2008,1,16,39463,8.30,
1/21/2008,FOMC,1,2008,1,21,39468,2.15,
1/30/2008,FOMC,0,2008,1,30,39477,2.15,
2/5/2008,Emp,0,2008,5,2,39570,8.30,
2/20/2008,CPI,0,2008,2,20,39498,8.30,
2/26/2008,PPI,0,2008,2,26,39504,8.30,
3/7/2008,Emp,0,2008,7,3,39632,8.30,
3/10/2008,Emp,0,2008,10,3,39724,8.30,
3/14/2008,CPI,0,2008,3,14,39521,8.30,
3/18/2008,FOMC,0,2008,3,18,39525,2.15,
3/18/2008,PPI,0,2008,3,18,39525,8.30,
4/1/2008,Emp,0,2008,1,4,39451,8.30,
4/4/2008,Emp,0,2008,4,4,39542,8.30,
4/15/2008,PPI,0,2008,4,15,39553,8.30,
4/16/2008,CPI,0,2008,4,16,39554,8.30,
4/30/2008,FOMC,0,2008,4,30,39568,2.15,
5/8/2008,FOMC,0,2008,8,5,39665,2.15,
5/9/2008,Emp,0,2008,9,5,39696,8.30,
5/12/2008,Emp,0,2008,12,5,39787,8.30,
5/14/2008,CPI,0,2008,5,14,39582,8.30,
5/20/2008,PPI,0,2008,5,20,39588,8.30,
6/6/2008,Emp,0,2008,6,6,39605,8.30,
6/13/2008,CPI,0,2008,6,13,39612,8.30,
6/17/2008,PPI,0,2008,6,17,39616,8.30,
6/25/2008,FOMC,0,2008,6,25,39624,2.15,
7/3/2008,Emp,0,2008,3,7,39514,8.30,
7/10/2008,FOMC,1,2008,10,7,39728,2.15,
7/11/2008,Emp,0,2008,11,7,39759,8.30,
7/15/2008,PPI,0,2008,7,15,39644,8.30,
7/16/2008,CPI,0,2008,7,16,39645,8.30,
7/24/2008,FOMC,1,2008,7,24,39653,2.15,
8/14/2008,CPI,0,2008,8,14,39674,8.30,
8/19/2008,PPI,0,2008,8,19,39679,8.30,
9/1/2008,FOMC,1,2008,1,9,39456,2.15,
9/16/2008,CPI,0,2008,9,16,39707,8.30,
9/16/2008,FOMC,0,2008,9,16,39707,2.15,
9/29/2008,FOMC,1,2008,9,29,39720,2.15,
10/3/2008,FOMC,1,2008,3,10,39517,2.15,
10/15/2008,PPI,0,2008,10,15,39736,8.30,
10/16/2008,CPI,0,2008,10,16,39737,8.30,
10/29/2008,FOMC,0,2008,10,29,39750,2.15,
11/18/2008,PPI,0,2008,11,18,39770,8.30,
11/19/2008,CPI,0,2008,11,19,39771,8.30,
12/9/2008,PPI,0,2008,9,12,39703,8.30,
12/12/2008,PPI,0,2008,12,12,39794,8.30,
12/16/2008,CPI,0,2008,12,16,39798,8.30,
12/16/2008,FOMC,0,2008,12,16,39798,2.15,
1/15/2009,PPI,0,2009,1,15,39828,8.30,
1/16/2009,CPI,0,2009,1,16,39829,8.30,
1/16/2009,FOMC,1,2009,1,16,39829,2.15,
1/28/2009,FOMC,0,2009,1,28,39841,2.15,
2/2/2009,CPI,0,2009,2,2,39846,8.30,
2/7/2009,Emp,0,2009,7,2,39996,8.30,
2/10/2009,Emp,0,2009,10,2,40088,8.30,
2/19/2009,PPI,0,2009,2,19,39863,8.30,
3/4/2009,Emp,0,2009,4,3,39906,8.30,
3/6/2009,FOMC,1,2009,6,3,39967,2.15,
3/17/2009,PPI,0,2009,3,17,39889,8.30,
3/18/2009,CPI,0,2009,3,18,39890,8.30,
3/18/2009,FOMC,0,2009,3,18,39890,2.15,
4/9/2009,Emp,0,2009,9,4,40060,8.30,
4/11/2009,FOMC,0,2009,11,4,40121,2.15,
4/12/2009,Emp,0,2009,12,4,40151,8.30,
4/14/2009,PPI,0,2009,4,14,39917,8.30,
4/15/2009,CPI,0,2009,4,15,39918,8.30,
4/29/2009,FOMC,0,2009,4,29,39932,2.15,
5/6/2009,Emp,0,2009,6,5,39969,8.30,
5/14/2009,PPI,0,2009,5,14,39947,8.30,
5/15/2009,CPI,0,2009,5,15,39948,8.30,
6/2/2009,Emp,0,2009,2,6,39850,8.30,
6/3/2009,Emp,0,2009,3,6,39878,8.30,
6/11/2009,Emp,0,2009,11,6,40123,8.30,
6/16/2009,PPI,0,2009,6,16,39980,8.30,
6/17/2009,CPI,0,2009,6,17,39981,8.30,
6/24/2009,FOMC,0,2009,6,24,39988,2.15,
7/2/2009,FOMC,1,2009,2,7,39851,2.15,
7/8/2009,Emp,0,2009,8,7,40032,8.30,
7/14/2009,PPI,0,2009,7,14,40008,8.30,
7/15/2009,CPI,0,2009,7,15,40009,8.30,
8/5/2009,Emp,0,2009,5,8,39941,8.30,
8/14/2009,CPI,0,2009,8,14,40039,8.30,
8/18/2009,PPI,0,2009,8,18,40043,8.30,
9/1/2009,Emp,0,2009,1,9,39822,8.30,
9/15/2009,PPI,0,2009,9,15,40071,8.30,
9/16/2009,CPI,0,2009,9,16,40072,8.30,
9/23/2009,FOMC,0,2009,9,23,40079,2.15,
10/15/2009,CPI,0,2009,10,15,40101,8.30,
10/20/2009,PPI,0,2009,10,20,40106,8.30,
11/17/2009,PPI,0,2009,11,17,40134,8.30,
11/18/2009,CPI,0,2009,11,18,40135,8.30,
12/8/2009,FOMC,0,2009,8,12,40037,2.15,
12/15/2009,PPI,0,2009,12,15,40162,8.30,
12/16/2009,CPI,0,2009,12,16,40163,8.30,
12/16/2009,FOMC,0,2009,12,16,40163,2.15,
1/20/2010,PPI,0,2010,1,20,40198,8.30,
1/27/2010,FOMC,0,2010,1,27,40205,2.15,
2/4/2010,Emp,0,2010,4,2,40270,8.30,
2/7/2010,Emp,0,2010,7,2,40361,8.30,
2/18/2010,PPI,0,2010,2,18,40227,8.30,
3/9/2010,Emp,0,2010,9,3,40424,8.30,
3/11/2010,FOMC,0,2010,11,3,40485,2.15,
3/12/2010,Emp,0,2010,12,3,40515,8.30,
3/16/2010,FOMC,0,2010,3,16,40253,2.15,
3/17/2010,PPI,0,2010,3,17,40254,8.30,
4/6/2010,Emp,0,2010,6,4,40333,8.30,
4/22/2010,PPI,0,2010,4,22,40290,8.30,
4/28/2010,FOMC,0,2010,4,28,40296,2.15,
5/2/2010,Emp,0,2010,2,5,40214,8.30,
5/3/2010,Emp,0,2010,3,5,40242,8.30,
5/11/2010,Emp,0,2010,11,5,40487,8.30,
5/18/2010,PPI,0,2010,5,18,40316,8.30,
6/8/2010,Emp,0,2010,8,6,40396,8.30,
6/16/2010,PPI,0,2010,6,16,40345,8.30,
6/23/2010,FOMC,0,2010,6,23,40352,2.15,
7/5/2010,Emp,0,2010,5,7,40305,8.30,
7/15/2010,PPI,0,2010,7,15,40374,8.30,
8/1/2010,Emp,0,2010,1,8,40186,8.30,
8/10/2010,Emp,0,2010,10,8,40459,8.30,
8/17/2010,PPI,0,2010,8,17,40407,8.30,
9/16/2010,PPI,0,2010,9,16,40437,8.30,
9/21/2010,FOMC,0,2010,9,21,40442,2.15,
10/8/2010,FOMC,0,2010,8,10,40400,2.15,
10/14/2010,PPI,0,2010,10,14,40465,8.30,
11/16/2010,PPI,0,2010,11,16,40498,8.30,
12/14/2010,PPI,0,2010,12,14,40526,8.30,
1/4/2011,Emp,0,2011,4,1,40634,8.30,
1/8/2011,FOMC,1,2011,8,1,40756,,
1/13/2011,PPI,0,2011,1,13,40556,8.30,
1/26/2011,FOMC,0,2011,1,26,40569,2.15,
2/9/2011,Emp,0,2011,9,2,40788,8.30,
2/11/2011,FOMC,0,2011,11,2,40849,12.30,
2/12/2011,Emp,0,2011,12,2,40879,8.30,
2/16/2011,PPI,0,2011,2,16,40590,8.30,
3/6/2011,Emp,0,2011,6,3,40697,8.30,
3/15/2011,FOMC,0,2011,3,15,40617,2.15,
3/16/2011,PPI,0,2011,3,16,40618,8.30,
4/2/2011,Emp,0,2011,2,4,40578,8.30,
4/3/2011,Emp,0,2011,3,4,40606,8.30,
4/11/2011,Emp,0,2011,11,4,40851,8.30,
4/14/2011,PPI,0,2011,4,14,40647,8.30,
4/27/2011,FOMC,0,2011,4,27,40660,12.30,
5/8/2011,Emp,0,2011,8,5,40760,8.30,
6/5/2011,Emp,0,2011,5,6,40669,8.30,
6/14/2011,PPI,0,2011,6,14,40708,8.30,
6/22/2011,FOMC,0,2011,6,22,40716,12.30,
7/1/2011,Emp,0,2011,1,7,40550,8.30,
7/10/2011,Emp,0,2011,10,7,40823,8.30,
7/14/2011,PPI,0,2011,7,14,40738,8.30,
8/7/2011,Emp,0,2011,7,8,40732,8.30,
8/17/2011,PPI,0,2011,8,17,40772,8.30,
9/8/2011,FOMC,0,2011,8,9,40764,2.15,
9/14/2011,PPI,0,2011,9,14,40800,8.30,
9/21/2011,FOMC,0,2011,9,21,40807,2.15,
10/18/2011,PPI,0,2011,10,18,40834,8.30,
11/15/2011,PPI,0,2011,11,15,40862,8.30,
12/5/2011,PPI,0,2011,5,12,40675,8.30,
12/13/2011,FOMC,0,2011,12,13,40890,2.15,
12/15/2011,PPI,0,2011,12,15,40892,8.30,
1/6/2012,Emp,0,2012,1,6,40914,8.30,
1/18/2012,PPI,0,2012,1,18,40926,8.30,
1/25/2012,FOMC,0,2012,1,25,40933,12.30,
2/3/2012,Emp,0,2012,2,3,40942,8.30,
2/16/2012,PPI,0,2012,2,16,40955,8.30,
3/9/2012,Emp,0,2012,3,9,40977,8.30,
3/13/2012,FOMC,0,2012,3,13,40981,2.15,
3/15/2012,PPI,0,2012,3,15,40983,8.30,
4/6/2012,Emp,0,2012,4,6,41005,8.30,
4/12/2012,PPI,0,2012,4,12,41011,8.30,
4/25/2012,FOMC,0,2012,4,25,41024,12.30,
5/4/2012,Emp,0,2012,5,4,41033,8.30,
5/11/2012,PPI,0,2012,5,11,41040,8.30,
6/1/2012,Emp,0,2012,6,1,41061,8.30,
6/13/2012,PPI,0,2012,6,13,41073,8.30,
6/20/2012,FOMC,0,2012,6,20,41080,12.30,
7/6/2012,Emp,0,2012,7,6,41096,8.30,
7/13/2012,PPI,0,2012,7,13,41103,8.30,
8/1/2012,FOMC,0,2012,8,1,41122,2.15,
8/3/2012,Emp,0,2012,8,3,41124,8.30,
8/14/2012,PPI,0,2012,8,14,41135,8.30,
9/7/2012,Emp,0,2012,9,7,41159,8.30,
9/13/2012,PPI,0,2012,9,13,41165,8.30,
9/13/2012,FOMC,0,2012,9,13,41165,12.30,
10/5/2012,Emp,0,2012,10,5,41187,8.30,
10/12/2012,PPI,0,2012,10,12,41194,8.30,
10/24/2012,FOMC,0,2012,10,24,41206,2.15,
11/2/2012,Emp,0,2012,11,2,41215,8.30,
11/14/2012,PPI,0,2012,11,14,41227,8.30,
12/7/2012,Emp,0,2012,12,7,41250,8.30,
12/12/2012,FOMC,0,2012,12,12,41255,12.30,
12/13/2012,PPI,0,2012,12,13,41256,8.30,
1/4/2013,Emp,0,2013,1,4,41278,8.30,
1/15/2013,PPI,0,2013,1,15,41289,8.30,
1/30/2013,FOMC,0,2013,1,30,41304,2.15,
2/1/2013,Emp,0,2013,2,1,41306,8.30,
2/20/2013,PPI,0,2013,2,20,41325,8.30,
3/8/2013,Emp,0,2013,3,8,41341,8.30,
3/14/2013,PPI,0,2013,3,14,41347,8.30,
3/20/2013,FOMC,0,2013,3,20,41353,2,
4/5/2013,Emp,0,2013,4,5,41369,8.30,
4/12/2013,PPI,0,2013,4,12,41376,8.30,
5/1/2013,FOMC,0,2013,5,1,41395,2,
5/3/2013,Emp,0,2013,5,3,41397,8.30,
5/15/2013,PPI,0,2013,5,15,41409,8.30,
6/7/2013,Emp,0,2013,6,7,41432,8.30,
6/14/2013,PPI,0,2013,6,14,41439,8.30,
6/19/2013,FOMC,0,2013,6,19,41444,2,
7/5/2013,Emp,0,2013,7,5,41460,8.30,
7/12/2013,PPI,0,2013,7,12,41467,8.30,
7/31/2013,FOMC,0,2013,7,31,41486,2,
8/2/2013,Emp,0,2013,8,2,41488,8.30,
8/14/2013,PPI,0,2013,8,14,41500,8.30,
9/6/2013,Emp,0,2013,9,6,41523,8.30,
9/13/2013,PPI,0,2013,9,13,41530,8.30,
9/18/2013,FOMC,0,2013,9,18,41535,2,
10/16/2013,FOMC,1,2013,10,16,41563,2,
10/22/2013,Emp,0,2013,10,22,41569,8.30,
10/29/2013,PPI,0,2013,10,29,41576,8.30,
10/30/2013,FOMC,0,2013,10,30,41577,2,
11/8/2013,Emp,0,2013,11,8,41586,8.30,
11/21/2013,PPI,0,2013,11,21,41599,8.30,
12/6/2013,Emp,0,2013,12,6,41614,8.30,
12/13/2013,PPI,0,2013,12,13,41621,8.30,
12/18/2013,FOMC,0,2013,12,18,41626,2,
1/10/2014,Emp,0,2014,1,10,41649,,
1/15/2014,PPI,0,2014,1,15,41654,8.30,
1/29/2014,FOMC,0,2014,1,29,41668,,
2/7/2014,Emp,0,2014,2,7,41677,,
2/19/2014,PPI,0,2014,2,19,41689,8.30,
3/4/2014,FOMC,1,2014,3,4,41702,,
3/7/2014,Emp,0,2014,3,7,41705,,
3/14/2014,PPI,0,2014,3,14,41712,8.30,
3/19/2014,FOMC,0,2014,3,19,41717,,
4/4/2014,Emp,0,2014,4,4,41733,,
4/11/2014,PPI,0,2014,4,11,41740,8.30,
4/30/2014,FOMC,0,2014,4,30,41759,,
5/2/2014,Emp,0,2014,5,2,41761,,
5/14/2014,PPI,0,2014,5,14,41773,8.30,
6/6/2014,Emp,0,2014,6,6,41796,,
6/13/2014,PPI,0,2014,6,13,41803,8.30,
6/18/2014,FOMC,0,2014,6,18,41808,,
7/3/2014,Emp,0,2014,7,3,41823,,
7/16/2014,PPI,0,2014,7,16,41836,8.30,
7/30/2014,FOMC,0,2014,7,30,41850,,
8/1/2014,Emp,0,2014,8,1,41852,,
8/15/2014,PPI,0,2014,8,15,41866,8.30,
9/5/2014,Emp,0,2014,9,5,41887,,
9/16/2014,PPI,0,2014,9,16,41898,8.30,
9/17/2014,FOMC,0,2014,9,17,41899,,
10/3/2014,Emp,0,2014,10,3,41915,,
10/15/2014,PPI,0,2014,10,15,41927,8.30,
10/29/2014,FOMC,0,2014,10,29,41941,,
11/7/2014,Emp,0,2014,11,7,41950,,
11/18/2014,PPI,0,2014,11,18,41961,8.30,
12/5/2014,Emp,0,2014,12,5,41978,,
12/12/2014,PPI,0,2014,12,12,41985,8.30,
12/17/2014,FOMC,0,2014,12,17,41990,,
1/9/2015,Emp,0,2015,1,9,42013,,
1/15/2015,PPI,0,2015,1,15,42019,8.30,
1/28/2015,FOMC,0,2015,1,28,42032,,
2/6/2015,Emp,0,2015,2,6,42041,,
2/18/2015,PPI,0,2015,2,18,42053,8.30,
3/6/2015,Emp,0,2015,3,6,42069,,
3/13/2015,PPI,0,2015,3,13,42076,8.30,
3/18/2015,FOMC,0,2015,3,18,42081,,
4/3/2015,Emp,0,2015,4,3,42097,,
4/14/2015,PPI,0,2015,4,14,42108,8.30,
4/29/2015,FOMC,0,2015,4,29,42123,,
5/8/2015,Emp,0,2015,5,8,42132,,
5/14/2015,PPI,0,2015,5,14,42138,8.30,
6/5/2015,Emp,0,2015,6,5,42160,,
6/12/2015,PPI,0,2015,6,12,42167,8.30,
6/17/2015,FOMC,0,2015,6,17,42172,,
7/2/2015,Emp,0,2015,7,2,42187,,
7/15/2015,PPI,0,2015,7,15,42200,8.30,
7/29/2015,FOMC,0,2015,7,29,42214,,
8/7/2015,Emp,0,2015,8,7,42223,,
8/14/2015,PPI,0,2015,8,14,42230,8.30,
9/4/2015,Emp,0,2015,9,4,42251,,
9/11/2015,PPI,0,2015,9,11,42258,8.30,
9/17/2015,FOMC,0,2015,9,17,42264,,
10/2/2015,Emp,0,2015,10,2,42279,,
10/14/2015,PPI,0,2015,10,14,42291,8.30,
10/28/2015,FOMC,0,2015,10,28,42305,,
11/6/2015,Emp,0,2015,11,6,42314,,
11/13/2015,PPI,0,2015,11,13,42321,8.30,
12/4/2015,Emp,0,2015,12,4,42342,,
12/11/2015,PPI,0,2015,12,11,42349,8.30,
12/16/2015,FOMC,0,2015,12,16,42354,,
1/8/2016,Emp,0,2016,1,8,,,
1/15/2016,PPI,0,2016,1,15,,,
1/27/2016,FOMC,0,2016,1,27,,,
2/5/2016,Emp,0,2016,2,5,,,
2/17/2016,PPI,0,2016,2,17,,,
3/4/2016,Emp,0,2016,3,4,,,
3/15/2016,PPI,0,2016,3,15,,,
3/16/2016,FOMC,0,2016,3,16,,,
4/1/2016,Emp,0,2016,4,1,,,
4/13/2016,PPI,0,2016,4,13,,,
4/27/2016,FOMC,0,2016,4,27,,,
5/6/2016,Emp,0,2016,5,6,,,
5/13/2016,PPI,0,2016,5,13,,,
6/3/2016,Emp,0,2016,6,3,,,
6/15/2016,FOMC,0,2016,6,15,,,
6/15/2016,PPI,0,2016,6,15,,,
7/8/2016,Emp,0,2016,7,8,,,
7/14/2016,PPI,0,2016,7,14,,,
7/27/2016,FOMC,0,2016,7,27,,,
8/5/2016,Emp,0,2016,8,5,,,
8/12/2016,PPI,0,2016,8,12,,,
9/2/2016,Emp,0,2016,9,2,,,
9/15/2016,PPI,0,2016,9,15,,,
9/21/2016,FOMC,0,2016,9,21,,,
10/7/2016,Emp,0,2016,10,7,,,
10/14/2016,PPI,0,2016,10,14,,,
11/2/2016,FOMC,0,2016,11,2,,,
11/4/2016,Emp,0,2016,11,4,,,
11/16/2016,PPI,0,2016,11,16,,,
12/2/2016,Emp,0,2016,12,2,,,
12/14/2016,FOMC,0,2016,12,14,,,
12/14/2016,PPI,0,2016,12,14,,,
1/6/2017,Emp,0,,,,,,
1/13/2017,PPI,0,,,,,,
2/1/2017,FOMC,0,,,,,,
2/3/2017,Emp,0,,,,,,
2/14/2017,PPI,0,,,,,,
3/10/2017,Emp,0,,,,,,
3/14/2017,PPI,0,,,,,,
3/15/2017,FOMC,0,,,,,,
4/7/2017,Emp,0,,,,,,
4/13/2017,PPI,0,,,,,,
5/3/2017,FOMC,0,,,,,,
5/5/2017,Emp,0,,,,,,
5/11/2017,PPI,0,,,,,,
6/2/2017,Emp,0,,,,,,
6/13/2017,PPI,0,,,,,,
6/14/2017,FOMC,0,,,,,,
7/7/2017,Emp,0,,,,,,
7/13/2017,PPI,0,,,,,,
7/26/2017,FOMC,0,,,,,,
8/4/2017,Emp,0,,,,,,
8/10/2017,PPI,0,,,,,,
9/1/2017,Emp,0,,,,,,
9/13/2017,PPI,0,,,,,,
9/20/2017,FOMC,0,,,,,,
10/6/2017,Emp,0,,,,,,
10/12/2017,PPI,0,,,,,,
11/1/2017,FOMC,0,,,,,,
11/3/2017,Emp,0,,,,,,
11/14/2017,PPI,0,,,,,,
12/8/2017,Emp,0,,,,,,
12/12/2017,PPI,0,,,,,,
12/13/2017,FOMC,0,,,,,,
1/5/2018,Emp,0,,,,,,
1/11/2018,PPI,0,,,,,,
1/31/2018,FOMC,0,,,,,,
2/2/2018,Emp,0,,,,,,
2/15/2018,PPI,0,,,,,,
3/9/2018,Emp,0,,,,,,
3/14/2018,PPI,0,,,,,,
3/21/2018,FOMC,0,,,,,,
4/6/2018,Emp,0,,,,,,
4/10/2018,PPI,0,,,,,,
5/2/2018,FOMC,0,,,,,,
5/4/2018,Emp,0,,,,,,
5/9/2018,PPI,0,,,,,,
6/1/2018,Emp,0,,,,,,
6/13/2018,PPI,0,,,,,,
6/13/2018,FOMC,0,,,,,,
7/6/2018,Emp,0,,,,,,
7/11/2018,PPI,0,,,,,,
8/1/2018,FOMC,0,,,,,,
8/3/2018,Emp,0,,,,,,
8/9/2018,PPI,0,,,,,,
9/7/2018,Emp,0,,,,,,
9/12/2018,PPI,0,,,,,,
9/26/2018,FOMC,0,,,,,,
10/5/2018,Emp,0,,,,,,
10/10/2018,PPI,0,,,,,,
11/2/2018,Emp,0,,,,,,
11/8/2018,FOMC,0,,,,,,
11/9/2018,PPI,0,,,,,,
12/7/2018,Emp,0,,,,,,
12/11/2018,PPI,0,,,,,,
12/19/2018,FOMC,0,,,,,,
1/4/2019,Emp,0,,,,,,
1/15/2019,PPI,0,,,,,,
1/30/2019,FOMC,0,,,,,,
2/1/2019,Emp,0,,,,,,
2/14/2019,PPI,0,,,,,,
3/8/2019,Emp,0,,,,,,
3/13/2019,PPI,0,,,,,,
3/20/2019,FOMC,0,,,,,,
4/5/2019,Emp,0,,,,,,
4/11/2019,PPI,0,,,,,,
5/1/2019,FOMC,0,,,,,,
5/3/2019,Emp,0,,,,,,
5/9/2019,PPI,0,,,,,,
6/7/2019,Emp,0,,,,,,
6/11/2019,PPI,0,,,,,,
6/19/2019,FOMC,0,,,,,,
7/5/2019,Emp,0,,,,,,
7/12/2019,PPI,0,,,,,,
7/31/2019,FOMC,0,,,,,,
8/2/2019,Emp,0,,,,,,
8/9/2019,PPI,0,,,,,,
9/6/2019,Emp,0,,,,,,
9/11/2019,PPI,0,,,,,,
9/18/2019,FOMC,0,,,,,,
10/4/2019,Emp,0,,,,,,
10/4/2019,FOMC,1,,,,,,
10/8/2019,PPI,0,,,,,,
10/30/2019,FOMC,0,,,,,,
11/1/2019,Emp,0,,,,,,
11/14/2019,PPI,0,,,,,,
12/6/2019,Emp,0,,,,,,
12/11/2019,FOMC,0,,,,,,
12/12/2019,PPI,0,,,,,,
1/10/2020,Emp,0,,,,,,
1/15/2020,PPI,0,,,,,,
